seed,method,target,metric,mae,spearman,top1_correct,selection_regret
0,ssme,heldout,accuracy,0.051913857011842,0.8660254037844387,1.0,0.0
0,ssme,heldout,auc,0.036915707720370006,-0.5,0.0,0.0007891414141414366
0,ssme,heldout,auprc,0.038867599459493696,-0.5,0.0,0.022177664972820477
0,ssme,heldout,ece,0.05182287531552284,1.0,1.0,0.0
0,labeled_only,heldout,accuracy,0.13660130718954247,-1.0,0.0,0.05392156862745101
0,labeled_only,heldout,auc,0.07531916386083055,,0.3333333333333333,0.004191217732884407
0,labeled_only,heldout,auprc,0.05760963951455641,,0.3333333333333333,0.016418060890315906
0,labeled_only,heldout,ece,0.07093343143455841,-0.5,0.0,0.012794406391945193
0,ssme,estimation_pool,accuracy,0.04150302601277567,1.0,1.0,0.0
0,ssme,estimation_pool,auc,0.028660377719238943,1.0,1.0,0.0
0,ssme,estimation_pool,auprc,0.03775449172380515,0.5,0.0,0.002029717343213777
0,ssme,estimation_pool,ece,0.051158627442139885,1.0,1.0,0.0
0,labeled_only,estimation_pool,accuracy,0.12619047619047616,-0.8660254037844387,0.0,0.021428571428571352
0,labeled_only,estimation_pool,auc,0.0670638338596995,,0.3333333333333333,0.007596420710115792
0,labeled_only,estimation_pool,auprc,0.056496531778867855,,0.3333333333333333,0.002638484662652855
0,labeled_only,estimation_pool,ece,0.07026918356117544,-0.5,0.0,0.01647320957363456
1,ssme,heldout,accuracy,0.035775651881613434,0.5,0.0,0.019607843137254832
1,ssme,heldout,auc,0.008488708814273993,1.0,1.0,0.0
1,ssme,heldout,auprc,0.02132872467140819,0.5,0.0,0.006274682069192128
1,ssme,heldout,ece,0.0415523210395588,0.5,1.0,0.0
1,labeled_only,heldout,accuracy,0.08823529411764704,-0.8660254037844387,0.0,0.0539215686274509
1,labeled_only,heldout,auc,0.017493386243386255,0.5,0.0,0.0009424603174602586
1,labeled_only,heldout,auprc,0.0388079853414934,1.0,1.0,0.0
1,labeled_only,heldout,ece,0.0481237281821956,-1.0,0.0,0.01508913778088089
1,ssme,estimation_pool,accuracy,0.022937183160791814,1.0,1.0,0.0
1,ssme,estimation_pool,auc,0.027034711165831893,-0.5,0.0,0.00028395061728392346
1,ssme,estimation_pool,auprc,0.02405115684814337,-0.5,0.0,0.016754661786664515
1,ssme,estimation_pool,ece,0.031195559049678953,1.0,1.0,0.0
1,labeled_only,estimation_pool,accuracy,0.07539682539682542,-0.8660254037844387,0.0,0.030952380952380953
1,labeled_only,estimation_pool,auc,0.036039388594944155,-1.0,0.0,0.014024691358024755
1,labeled_only,estimation_pool,auprc,0.03249351605027906,-1.0,0.0,0.01942179884832984
1,labeled_only,estimation_pool,ece,0.052211958121031826,-0.5,0.0,0.017812864955986205
2,ssme,heldout,accuracy,0.05543689451863006,1.0,1.0,0.0
2,ssme,heldout,auc,0.05063190654782734,1.0,1.0,0.0
2,ssme,heldout,auprc,0.05404666752377566,0.5,0.0,0.0008194711792652853
2,ssme,heldout,ece,0.03846188761650827,0.5,0.0,2.3245821678813394e-05
2,labeled_only,heldout,accuracy,0.027450980392156876,,0.3333333333333333,0.02450980392156869
2,labeled_only,heldout,auc,0.05910730945716954,-0.5,0.0,0.02558976409436209
2,labeled_only,heldout,auprc,0.0658811314001538,-1.0,0.0,0.019642651541089684
2,labeled_only,heldout,ece,0.02867541715682595,0.5,0.0,2.3245821678813394e-05
2,ssme,estimation_pool,accuracy,0.009536935734293003,1.0,1.0,0.0
2,ssme,estimation_pool,auc,0.030100514496111803,-0.5,0.0,2.454831107612243e-05
2,ssme,estimation_pool,auprc,0.024785845862673406,-0.5,0.0,0.015661954660429966
2,ssme,estimation_pool,ece,0.007416845176526739,1.0,1.0,0.0
2,labeled_only,estimation_pool,accuracy,0.05317460317460313,,0.3333333333333333,0.0063492063492064
2,labeled_only,estimation_pool,auc,0.038575917405454,1.0,1.0,0.0
2,labeled_only,estimation_pool,auprc,0.03662030973905154,1.0,1.0,0.0
2,labeled_only,estimation_pool,ece,0.058827608401040545,1.0,1.0,0.0
3,ssme,heldout,accuracy,0.018346865909144843,1.0,1.0,0.0
3,ssme,heldout,auc,0.02677450217079565,1.0,1.0,0.0
3,ssme,heldout,auprc,0.0386987389660827,-0.5,0.0,0.006202038564742995
3,ssme,heldout,ece,0.011933563465398677,1.0,1.0,0.0
3,labeled_only,heldout,accuracy,0.053921568627450976,-0.5,0.0,0.06372549019607843
3,labeled_only,heldout,auc,0.023663048848081753,0.5,1.0,0.0
3,labeled_only,heldout,auprc,0.04409457246337475,-0.5,0.0,0.006202038564742995
3,labeled_only,heldout,ece,0.06450441707356526,-0.5,0.0,0.02113354220272516
3,ssme,estimation_pool,accuracy,0.006221641101152235,1.0,1.0,0.0
3,ssme,estimation_pool,auc,0.016661430880219135,0.5,1.0,0.0
3,ssme,estimation_pool,auprc,0.017722753375144618,-1.0,0.0,0.0038491454609379527
3,ssme,estimation_pool,ece,0.01197009243299374,1.0,1.0,0.0
3,labeled_only,estimation_pool,accuracy,0.03809523809523807,-0.5,0.0,0.016666666666666607
3,labeled_only,estimation_pool,auc,0.012666368642791581,1.0,1.0,0.0
3,labeled_only,estimation_pool,auprc,0.023118586872436658,-1.0,0.0,0.0038491454609379527
3,labeled_only,estimation_pool,ece,0.06446788810597019,-0.5,0.0,0.01415770192947477
4,ssme,heldout,accuracy,0.017646039981960165,1.0,1.0,0.0
4,ssme,heldout,auc,0.051432073756748374,-0.5,0.0,0.006396588486140775
4,ssme,heldout,auprc,0.04726918771896901,-0.5,0.0,0.02418661319933657
4,ssme,heldout,ece,0.04208216253176805,1.0,1.0,0.0
4,labeled_only,heldout,accuracy,0.04901960784313719,0.5,1.0,0.0
4,labeled_only,heldout,auc,0.06440201589455323,-0.5,0.0,0.006396588486140775
4,labeled_only,heldout,auprc,0.04558716391801154,-0.5,0.0,0.02418661319933657
4,labeled_only,heldout,ece,0.02642898643728429,0.5,0.0,0.014750853095268746
4,ssme,estimation_pool,accuracy,0.036366861643958304,0.5,0.0,0.0023809523809523725
4,ssme,estimation_pool,auc,0.018393376644530668,1.0,1.0,0.0
4,ssme,estimation_pool,auprc,0.031138404782181994,0.5,0.0,0.00769350917643552
4,ssme,estimation_pool,ece,0.043702565274231754,1.0,1.0,0.0
4,labeled_only,estimation_pool,accuracy,0.06428571428571424,-0.5,0.0,0.0023809523809523725
4,labeled_only,estimation_pool,auc,0.031363318782335524,1.0,1.0,0.0
4,labeled_only,estimation_pool,auprc,0.029456380981224533,0.5,0.0,0.00769350917643552
4,labeled_only,estimation_pool,ece,0.024060679314391337,0.5,0.0,0.008766671486809319
5,ssme,heldout,accuracy,0.016545176748242445,0.8660254037844387,1.0,0.0
5,ssme,heldout,auc,0.03476510315516227,0.5,1.0,0.0
5,ssme,heldout,auprc,0.030387473374852998,-0.5,0.0,0.01368154300829949
5,ssme,heldout,ece,0.015628386483638457,1.0,1.0,0.0
5,labeled_only,heldout,accuracy,0.05653594771241829,1.0,1.0,0.0
5,labeled_only,heldout,auc,0.07623609985814717,-0.8660254037844387,0.0,0.012245628387360596
5,labeled_only,heldout,auprc,0.0579341366164711,-0.5,0.5,0.011502125074028424
5,labeled_only,heldout,ece,0.06093460966844616,-1.0,0.0,0.04896105325900871
5,ssme,estimation_pool,accuracy,0.010020360241974169,1.0,1.0,0.0
5,ssme,estimation_pool,auc,0.023099656920395617,1.0,1.0,0.0
5,ssme,estimation_pool,auprc,0.024762494394695283,-0.5,0.0,0.004986837115443454
5,ssme,estimation_pool,ece,0.004654141437250093,1.0,1.0,0.0
5,labeled_only,estimation_pool,accuracy,0.04126984126984131,0.8660254037844387,0.5,0.0035714285714285587
5,labeled_only,estimation_pool,auc,0.06016446479259204,-0.8660254037844387,0.0,0.0072291782712939345
5,labeled_only,estimation_pool,auprc,0.05324841530248129,1.0,0.5,0.002052594846875755
5,labeled_only,estimation_pool,ece,0.04941291180338534,-1.0,0.0,0.025849365421325834
6,ssme,heldout,accuracy,0.02416827126114074,1.0,1.0,0.0
6,ssme,heldout,auc,0.022446572905062134,-0.5,0.0,0.003815628815628802
6,ssme,heldout,auprc,0.0288607481223699,-0.5,0.0,0.022315027810327903
6,ssme,heldout,ece,0.04746052324674627,1.0,1.0,0.0
6,labeled_only,heldout,accuracy,0.04150326797385621,0.8660254037844387,1.0,0.0
6,labeled_only,heldout,auc,0.032886989553656244,0.8660254037844387,0.5,0.001907814407814401
6,labeled_only,heldout,auprc,0.04916764270546078,1.0,1.0,0.0
6,labeled_only,heldout,ece,0.021606029245503377,0.5,0.0,0.015070458228950478
6,ssme,estimation_pool,accuracy,0.006917257460072435,0.5,0.0,0.004761904761904745
6,ssme,estimation_pool,auc,0.010980608314097565,1.0,1.0,0.0
6,ssme,estimation_pool,auprc,0.019027039754975734,0.5,0.0,0.0025219017144458844
6,ssme,estimation_pool,ece,0.022045015633483933,1.0,1.0,0.0
6,labeled_only,estimation_pool,accuracy,0.02857142857142858,0.0,0.0,0.004761904761904745
6,labeled_only,estimation_pool,auc,0.027514083139083212,0.0,0.5,0.007126554001554042
6,labeled_only,estimation_pool,auprc,0.042733253268798434,-1.0,0.0,0.005757890057921711
6,labeled_only,estimation_pool,ece,0.012870073769608109,0.5,0.0,0.01688675363334019
7,ssme,heldout,accuracy,0.09988654648104496,1.0,1.0,0.0
7,ssme,heldout,auc,0.06654189951731097,-0.5,0.0,0.008096761295481758
7,ssme,heldout,auprc,0.11446103025447918,-0.5,0.0,0.031147345058903264
7,ssme,heldout,ece,0.09481091286323695,0.5,0.0,0.0023011885663782317
7,labeled_only,heldout,accuracy,0.13660130718954255,,0.3333333333333333,0.02614379084967322
7,labeled_only,heldout,auc,0.06977360570923141,0.5,0.0,0.008096761295481758
7,labeled_only,heldout,auprc,0.07723623263951274,0.5,0.0,0.031147345058903264
7,labeled_only,heldout,ece,0.14488617189646327,-0.5,0.0,0.0023011885663782317
7,ssme,estimation_pool,accuracy,0.10058682659308975,0.8660254037844387,1.0,0.0
7,ssme,estimation_pool,auc,0.061696344939979886,1.0,1.0,0.0
7,ssme,estimation_pool,auprc,0.11849677533620633,0.5,0.0,0.0020291265571436012
7,ssme,estimation_pool,ece,0.10683165054032538,1.0,1.0,0.0
7,labeled_only,estimation_pool,accuracy,0.13730158730158734,,0.6666666666666666,0.005555555555555573
7,labeled_only,estimation_pool,auc,0.06492805113190032,0.5,1.0,0.0
7,labeled_only,estimation_pool,auprc,0.08127197772123988,-0.5,0.0,0.0020291265571436012
7,labeled_only,estimation_pool,ece,0.1569069095735517,0.5,1.0,0.0
8,ssme,heldout,accuracy,0.021139016257836984,-0.5,0.0,0.019607843137254832
8,ssme,heldout,auc,0.0675097203614009,-0.5,0.0,0.025213219616204707
8,ssme,heldout,auprc,0.03437683143232987,-1.0,0.0,0.04275905869467844
8,ssme,heldout,ece,0.025504472499469882,0.5,1.0,0.0
8,labeled_only,heldout,accuracy,0.023856209150326785,-0.8660254037844387,0.0,0.019607843137254832
8,labeled_only,heldout,auc,0.0315801942667614,0.5,0.0,0.025213219616204707
8,labeled_only,heldout,auprc,0.025595055260633104,-1.0,0.0,0.04275905869467844
8,labeled_only,heldout,ece,0.06511361242085857,-1.0,0.0,0.05728851822133982
8,ssme,estimation_pool,accuracy,0.016979248853485746,1.0,1.0,0.0
8,ssme,estimation_pool,auc,0.0733273357903537,1.0,1.0,0.0
8,ssme,estimation_pool,auprc,0.02899189626110273,1.0,1.0,0.0
8,ssme,estimation_pool,ece,0.027926441317388445,0.5,1.0,0.0
8,labeled_only,estimation_pool,accuracy,0.03492063492063491,0.8660254037844387,1.0,0.0
8,labeled_only,estimation_pool,auc,0.030894611401471095,0.5,1.0,0.0
8,labeled_only,estimation_pool,auprc,0.013135439046618588,1.0,1.0,0.0
8,labeled_only,estimation_pool,ece,0.04203175989737301,-1.0,0.0,0.01456266924762939
9,ssme,heldout,accuracy,0.04729606890365856,0.5,0.0,0.019607843137254943
9,ssme,heldout,auc,0.04288596527939056,-0.5,0.0,0.03038379530916846
9,ssme,heldout,auprc,0.042172792931279846,-1.0,0.0,0.05264884948212789
9,ssme,heldout,ece,0.034911070322248154,0.5,1.0,0.0
9,labeled_only,heldout,accuracy,0.08954248366013069,0.0,0.0,0.019607843137254943
9,labeled_only,heldout,auc,0.04536247334754795,-0.5,0.0,0.03038379530916846
9,labeled_only,heldout,auprc,0.047236128595807725,-1.0,0.0,0.05264884948212789
9,labeled_only,heldout,ece,0.09025699716236968,0.5,1.0,0.0
9,ssme,estimation_pool,accuracy,0.01886469635463898,1.0,1.0,0.0
9,ssme,estimation_pool,auc,0.013831414394983995,1.0,1.0,0.0
9,ssme,estimation_pool,auprc,0.006167166062369112,1.0,1.0,0.0
9,ssme,estimation_pool,ece,0.009711275781914145,0.5,1.0,0.0
9,labeled_only,estimation_pool,accuracy,0.061111111111111116,0.8660254037844387,1.0,0.0
9,labeled_only,estimation_pool,auc,0.011587747713414568,1.0,1.0,0.0
9,labeled_only,estimation_pool,auprc,0.011211436053561638,1.0,1.0,0.0
9,labeled_only,estimation_pool,ece,0.06505720262203567,0.5,1.0,0.0
