target,method,metric,mae,mae_se,mae_ci_low,mae_ci_high,mae_n,spearman,spearman_se,spearman_ci_low,spearman_ci_high,spearman_n,top1_correct,top1_correct_se,top1_correct_ci_low,top1_correct_ci_high,top1_correct_n,selection_regret,selection_regret_se,selection_regret_ci_low,selection_regret_ci_high,selection_regret_n
estimation_pool,labeled_only,accuracy,0.04244444444444444,0.007433804816286156,0.025628009632438914,0.05926087925644996,10,0.42201536470669937,0.19346368767223174,-0.0156299021023944,0.8596606315157931,10,0.2333333333333333,0.1319371343004213,-0.0651292000634335,0.5317958667301002,10,0.010666666666666645,0.003104048420704736,0.003644821298096971,0.01768851203523632,10
estimation_pool,labeled_only,auc,0.02308887861895548,0.00514470860763146,0.011450739191692393,0.03472701804621857,10,0.6647213595499957,0.07611797433954828,0.49253053868009655,0.8369121804198948,10,0.5333333333333333,0.1586984095231744,0.1743325895058015,0.8923340771608652,10,0.002906423609843476,0.001322382007397655,-8.50123201465978e-05,0.0058978595398335495,10
estimation_pool,labeled_only,auprc,0.022794560611941787,0.004530997461964118,0.012544732248739171,0.033044388975144404,10,0.5682623792124926,0.09148640965967275,0.36130574230217294,0.7752190161228122,10,0.5333333333333333,0.1586984095231744,0.1743325895058015,0.8923340771608652,10,0.005140876558931421,0.0020349248927305458,0.0005375566370846479,0.009744196480778195,10
estimation_pool,labeled_only,ece,0.038637492476990096,0.004601455546368256,0.02822827685347562,0.04904670810050457,10,0.16999999999999998,0.22313423961572743,-0.3347647184122488,0.6747647184122487,10,0.1,0.09999999999999999,-0.12621571627982048,0.3262157162798205,10,0.013815248287355416,0.003929422250390423,0.00492627759797608,0.022704218976734754,10
estimation_pool,ssme,accuracy,0.018047586382844833,0.004153135485170393,0.00865254119699523,0.027442631568694434,10,0.9118465494442602,0.026948243122688568,0.8508853882394428,0.9728077106490777,10,0.7,0.15275252316519464,0.3544497855863562,1.0455502144136437,10,0.002444444444444438,0.001604178357607976,-0.001184459117624305,0.006073348006513181,10
estimation_pool,ssme,auc,0.025675425111182603,0.005605830775886118,0.012994154868077201,0.038356695354288005,10,0.57,0.06999999999999999,0.4116489986041256,0.7283510013958743,10,0.1,0.09999999999999999,-0.12621571627982048,0.3262157162798205,10,0.006107416188040027,0.001544254404668994,0.002614070025335385,0.00960076235074467,10
estimation_pool,ssme,auprc,0.020845272920342196,0.005335194448706911,0.008776224583278638,0.03291432125740575,10,0.41,0.14791138488222522,0.07540120122927207,0.7445987987707279,10,0.4,0.16329931618554522,0.03059128221082008,0.76940871778918,10,0.00877004945153872,0.0028436507541203877,0.002337264529608768,0.015202834373468671,10
estimation_pool,ssme,ece,0.01638884730986004,0.004215566865428858,0.00685257252997537,0.025925122089744707,10,0.79,0.12512216252748973,0.506954003813638,1.073045996186362,10,0.6,0.16329931618554522,0.23059128221082004,0.9694087177891799,10,0.00420538893647817,0.002535498128154188,-0.001530306315387267,0.009941084188343607,10
heldout,labeled_only,accuracy,0.05598620689655172,0.009214106264896268,0.03514245041063281,0.07682996338247063,10,0.37728568025622566,0.1996127770365845,-0.07426979310312498,0.8288411536155763,10,0.4333333333333333,0.13877773329774218,0.1193962899169469,0.7472703767497197,10,0.02720306513409961,0.00989700486826781,0.0048144846810988795,0.04959164558710034,10
heldout,labeled_only,auc,0.032897359805506454,0.005663040765681834,0.020086671574201062,0.045708048036811846,10,-0.08236067977499792,0.1693834303935568,-0.46553262009911356,0.3008112605491178,10,0.3333333333333333,0.14907119849998596,-0.0038891461203229283,0.6705558127869895,10,0.01831786162220199,0.00508095390024322,0.006823945362919312,0.029811777881484668,10
heldout,labeled_only,auprc,0.030874835243189604,0.003976152488461186,0.021880153411039226,0.03986951707533998,10,0.10944271909999155,0.24313286062379788,-0.44056202307175046,0.6594474612717336,10,0.5333333333333333,0.1586984095231744,0.1743325895058015,0.8923340771608652,10,0.019748976578084863,0.007778273272797832,0.002153299979823411,0.03734465317634632,10
heldout,labeled_only,ece,0.038244912391444105,0.006555363252504474,0.023415650455046972,0.05307417432784124,10,0.15999999999999998,0.17269111795984823,-0.23065444944450042,0.5506544494445004,10,0.1,0.09999999999999999,-0.12621571627982048,0.3262157162798205,10,0.02163384870147824,0.005531915009346376,0.009119787539094436,0.03414790986386204,10
heldout,ssme,accuracy,0.0319237730416526,0.005343512332178777,0.01983590834491384,0.04401163773839136,10,0.8635748489117592,0.04342979319455346,0.7653298311578554,0.961819866665663,10,0.7,0.15275252316519464,0.3544497855863562,1.0455502144136437,10,0.005172413793103459,0.0027695081024522983,-0.0010926487982866728,0.01143747638449359,10
heldout,ssme,auc,0.033256280088375854,0.006372407157307681,0.01884089359320574,0.04767166658354597,10,-0.15,0.17078251276599332,-0.5363368845342676,0.23633688453426768,10,0.0,0.0,0.0,0.0,10,0.019376298319614592,0.004314337292492154,0.009616589310676051,0.029136007328553135,10
heldout,ssme,auprc,0.026131872805078726,0.0044171671444494616,0.016139546509985482,0.03612419910017197,10,-0.16999999999999998,0.12476644848141932,-0.4522413151091359,0.11224131510913593,10,0.4,0.16329931618554522,0.03059128221082008,0.76940871778918,10,0.024368780153781532,0.007502826900078683,0.007396206540533488,0.041341353767029576,10
heldout,ssme,ece,0.026642501316539613,0.004246060698607048,0.01703724469350973,0.0362477579395695,10,0.6199999999999999,0.1289271973720914,0.32834641698522543,0.9116535830147743,10,0.4,0.1632993161855452,0.030591282210820137,0.76940871778918,10,0.007887135738338302,0.004111932690677432,-0.0014147022508217474,0.01718897372749835,10
