model,metric,estimate,label_std,mc_standard_error,interval_low,interval_high,valid_draws
resnet18_28_1,accuracy,0.8584282504408155,0.007772438312110269,0.0,0.8452380952380952,0.8726785714285714,100
resnet18_28_1,auc,0.9732511376174764,0.005255877126857284,0.0005255877126857285,0.9626889761623035,0.982461381759786,100
resnet18_28_1,auprc,0.9849966470008286,0.0034338540625950226,0.00034338540625950226,0.9769172383919066,0.9904122306766169,100
resnet18_28_1,ece,0.1413014278585387,0.007923247172353112,0.0007923247172353112,0.1266374347247628,0.15758981567714372,100
autokeras_1,accuracy,0.9060424196344852,0.007748827056955539,0.0,0.8904761904761904,0.919047619047619,100
autokeras_1,auc,0.9735194557082646,0.0049625547148653935,0.0004962554714865394,0.9642400083005703,0.9823483601484314,100
autokeras_1,auprc,0.9842168847904225,0.0032497529068890446,0.00032497529068890445,0.9788583328384454,0.9897574231722265,100
autokeras_1,ece,0.07339095455670452,0.0069472468919972614,0.0006947246891997261,0.05921418809381092,0.0847466802012122,100
autokeras_2,accuracy,0.9129045005605362,0.007861805720630699,0.0,0.8938690476190476,0.9261904761904762,100
autokeras_2,auc,0.9826343081819573,0.004114913673393814,0.0004114913673393814,0.975817037885433,0.9903867310325032,100
autokeras_2,auprc,0.9911028516772129,0.0020580086656471564,0.00020580086656471564,0.9873884830449942,0.9948145852669984,100
autokeras_2,ece,0.0702568609229353,0.00739544184856974,0.000739544184856974,0.055983687575342014,0.08275275156608258,100
autokeras_3,accuracy,0.887425519090136,0.007517777856383926,0.0,0.8738095238095238,0.8988690476190476,100
autokeras_3,auc,0.9740020489323146,0.005087472819647526,0.0005087472819647526,0.9637567719644897,0.9836135547725156,100
autokeras_3,auprc,0.9844105647490184,0.003444727486264465,0.0003444727486264465,0.9791372714476178,0.9908387536811932,100
autokeras_3,ece,0.10995479413639195,0.0077787434285504125,0.0007778743428550412,0.09486100128595508,0.1246824298573836,100
automl_vision_1,accuracy,0.932011465273216,0.007221587908018333,0.0,0.919047619047619,0.9452380952380952,100
automl_vision_1,auc,0.9848356293166534,0.004986253882456092,0.0004986253882456092,0.9752565688125329,0.9944724702186079,100
automl_vision_1,auprc,0.9910845252722288,0.004332441233162494,0.0004332441233162494,0.980487514217401,0.9968007472101769,100
automl_vision_1,ece,0.06454967352907573,0.008371929399549194,0.0008371929399549194,0.049292717528130345,0.0806524281292444,100
automl_vision_2,accuracy,0.9356511549095898,0.006934222532559866,0.0,0.9249404761904763,0.95,100
automl_vision_2,auc,0.9840638994762986,0.0052098522793723925,0.0005209852279372392,0.9729199372056515,0.9932532980887346,100
automl_vision_2,auprc,0.9903043030627825,0.004202263636374886,0.0004202263636374886,0.9820725113124166,0.9964720523533507,100
automl_vision_2,ece,0.035597287739039724,0.006953337868937244,0.0006953337868937244,0.022626511668286484,0.04857282365267507,100
automl_vision_3,accuracy,0.9463220055512911,0.007515949584461363,0.0,0.9285714285714286,0.9607738095238095,100
automl_vision_3,auc,0.9852510258999995,0.005130452051097815,0.0005130452051097815,0.9749134330368845,0.9942008599896306,100
automl_vision_3,auprc,0.9912920226530799,0.003416404903117554,0.0003416404903117554,0.9835340551056829,0.9966817291141893,100
automl_vision_3,ece,0.034854017712296466,0.007171181922434731,0.0007171181922434731,0.023180846936117095,0.04860844908665401,100
