iteration,max_responsibility_change,objective,class_priors,mean_posterior_confidence,responsibility_mass
1,0.9686390399051058,-12.357751481189917,"[0.3514285714285714, 0.6485714285714286]",0.9102028036755373,"[0.3135309803471536, 0.6864690196528469]"
2,0.10292184537414484,-12.351067879352748,"[0.3691182072668403, 0.6308817927331597]",0.9101112961757617,"[0.3276497587941683, 0.6723502412058325]"
3,0.02444069243528435,-12.350040060299134,"[0.37416062814077433, 0.6258393718592258]",0.9098032670548765,"[0.33199883596408925, 0.6680011640359114]"
4,0.00923310540748401,-12.34983482974988,"[0.37571386998717515, 0.624286130012825]",0.909595661034366,"[0.33338267063555505, 0.6666173293644447]"
5,0.004239157516558789,-12.349789092318963,"[0.37620809665555566, 0.6237919033444443]",0.9095061049138843,"[0.33383088197836264, 0.6661691180216373]"
6,0.0017562860356741816,-12.349778174146959,"[0.37636817213512985, 0.62363182786487]",0.9094708628948246,"[0.33397758759001955, 0.6660224124099814]"
7,0.0006883409629365733,-12.349775441114009,"[0.3764205669964354, 0.6235794330035647]",0.9094578037975917,"[0.3340259226489866, 0.6659740773510131]"
8,0.0002604706168681803,-12.349774733713366,"[0.3764378295174948, 0.6235621704825052]",0.9094531181377943,"[0.3340419163532029, 0.6659580836467969]"
9,9.619998509555194e-05,-12.349774546179466,"[0.37644354155471504, 0.6235564584452848]",0.9094514693000032,"[0.3340472242736275, 0.6659527757263726]"
10,3.490538164685475e-05,-12.349774495570054,"[0.37644543724058155, 0.6235545627594185]",0.9094508964529128,"[0.33404898960873386, 0.665951010391266]"
11,1.249581176798742e-05,-12.349774481715967,"[0.37644606771740535, 0.6235539322825947]",0.9094506991958385,"[0.3340495776701334, 0.6659504223298658]"
12,4.426609912677737e-06,-12.34977447787542,"[0.3764462777393333, 0.6235537222606667]",0.9094506317103347,"[0.33404977380315803, 0.6659502261968422]"
13,1.5550153167342984e-06,-12.349774476797641,"[0.37644634778684216, 0.6235536522131577]",0.9094506087343955,"[0.3340498392813547, 0.665950160718645]"
14,5.425513800727533e-07,-12.349774476491286,"[0.3764463711719122, 0.6235536288280878]",0.909450600941255,"[0.3340498611577318, 0.6659501388422682]"
15,1.8824094474845232e-07,-12.349774476402985,"[0.3764463789849046, 0.6235536210150954]",0.9094505983056103,"[0.3340498684711681, 0.665950131528832]"
16,6.500751270621663e-08,-12.349774476377146,"[0.3764463815968457, 0.6235536184031544]",0.9094505974162747,"[0.3340498709173218, 0.6659501290826773]"
17,2.2362174112444677e-08,-12.349774476369454,"[0.3764463824704722, 0.6235536175295278]",0.9094505971167339,"[0.334049871735828, 0.6659501282641721]"
18,7.667039031433731e-09,-12.349774476367129,"[0.3764463827627964, 0.6235536172372035]",0.9094505970159897,"[0.33404987200979797, 0.6659501279902018]"
19,2.6213085035919903e-09,-12.34977447636641,"[0.37644638286064186, 0.6235536171393581]",0.9094505969821457,"[0.33404987210152587, 0.6659501278984744]"
20,8.940577167493302e-10,-12.349774476366184,"[0.37644638289340215, 0.6235536171065978]",0.9094505969707866,"[0.3340498721322442, 0.6659501278677552]"
21,3.0429939124054783e-10,-12.349774476366116,"[0.3764463829043727, 0.6235536170956273]",0.9094505969669767,"[0.3340498721425329, 0.6659501278574665]"
22,1.0338629952144629e-10,-12.34977447636609,"[0.37644638290804755, 0.6235536170919525]",0.9094505969656996,"[0.3340498721459797, 0.6659501278540212]"
23,3.5073721704748095e-11,-12.349774476366083,"[0.3764463829092785, 0.6235536170907214]",0.909450596965272,"[0.33404987214713416, 0.6659501278528662]"
24,1.1870365801414096e-11,-12.349774476366083,"[0.3764463829096908, 0.6235536170903091]",0.9094505969651286,"[0.33404987214752063, 0.6659501278524791]"
25,4.026334821105593e-12,-12.349774476366079,"[0.37644638290982924, 0.6235536170901708]",0.9094505969650807,"[0.33404987214765064, 0.66595012785235]"
26,1.361050161463595e-12,-12.349774476366083,"[0.3764463829098751, 0.6235536170901249]",0.9094505969650647,"[0.33404987214769416, 0.6659501278523056]"
27,4.50417481090426e-13,-12.349774476366083,"[0.3764463829098907, 0.6235536170901094]",0.9094505969650593,"[0.3340498721477088, 0.6659501278522911]"
28,1.6245338407827603e-13,-12.349774476366083,"[0.376446382909896, 0.623553617090104]",0.9094505969650575,"[0.33404987214771387, 0.6659501278522865]"
29,5.062616992290714e-14,-12.349774476366079,"[0.37644638290989774, 0.6235536170901023]",0.9094505969650569,"[0.33404987214771525, 0.6659501278522845]"
30,1.7819079545233762e-14,-12.349774476366083,"[0.3764463829098983, 0.6235536170901017]",0.9094505969650567,"[0.3340498721477161, 0.6659501278522838]"
31,6.050715484207103e-15,-12.349774476366083,"[0.3764463829098985, 0.6235536170901015]",0.9094505969650565,"[0.3340498721477162, 0.6659501278522837]"
32,1.915134717478395e-15,-12.349774476366083,"[0.37644638290989857, 0.6235536170901015]",0.9094505969650566,"[0.3340498721477161, 0.6659501278522837]"
33,1.27675647831893e-15,-12.349774476366083,"[0.37644638290989857, 0.6235536170901015]",0.9094505969650566,"[0.3340498721477161, 0.6659501278522837]"
34,1.27675647831893e-15,-12.349774476366083,"[0.37644638290989857, 0.6235536170901014]",0.9094505969650566,"[0.3340498721477161, 0.6659501278522837]"
35,1.27675647831893e-15,-12.349774476366083,"[0.37644638290989857, 0.6235536170901014]",0.9094505969650566,"[0.3340498721477161, 0.6659501278522837]"
36,1.27675647831893e-15,-12.349774476366083,"[0.37644638290989857, 0.6235536170901014]",0.9094505969650566,"[0.3340498721477161, 0.6659501278522837]"
37,1.27675647831893e-15,-12.349774476366083,"[0.37644638290989857, 0.6235536170901014]",0.9094505969650566,"[0.3340498721477161, 0.6659501278522837]"
38,1.27675647831893e-15,-12.349774476366083,"[0.37644638290989857, 0.6235536170901014]",0.9094505969650566,"[0.3340498721477161, 0.6659501278522837]"
39,1.27675647831893e-15,-12.349774476366083,"[0.37644638290989857, 0.6235536170901014]",0.9094505969650566,"[0.3340498721477161, 0.6659501278522837]"
40,1.27675647831893e-15,-12.349774476366083,"[0.37644638290989857, 0.6235536170901014]",0.9094505969650566,"[0.3340498721477161, 0.6659501278522837]"
41,1.27675647831893e-15,-12.349774476366083,"[0.37644638290989857, 0.6235536170901014]",0.9094505969650566,"[0.3340498721477161, 0.6659501278522837]"
42,1.27675647831893e-15,-12.349774476366083,"[0.37644638290989857, 0.6235536170901014]",0.9094505969650566,"[0.3340498721477161, 0.6659501278522837]"
43,1.27675647831893e-15,-12.349774476366083,"[0.37644638290989857, 0.6235536170901014]",0.9094505969650566,"[0.3340498721477161, 0.6659501278522837]"
44,1.27675647831893e-15,-12.349774476366083,"[0.37644638290989857, 0.6235536170901014]",0.9094505969650566,"[0.3340498721477161, 0.6659501278522837]"
45,1.27675647831893e-15,-12.349774476366083,"[0.37644638290989857, 0.6235536170901014]",0.9094505969650566,"[0.3340498721477161, 0.6659501278522837]"
46,1.27675647831893e-15,-12.349774476366083,"[0.37644638290989857, 0.6235536170901014]",0.9094505969650566,"[0.3340498721477161, 0.6659501278522837]"
47,1.27675647831893e-15,-12.349774476366083,"[0.37644638290989857, 0.6235536170901014]",0.9094505969650566,"[0.3340498721477161, 0.6659501278522837]"
48,1.27675647831893e-15,-12.349774476366083,"[0.37644638290989857, 0.6235536170901014]",0.9094505969650566,"[0.3340498721477161, 0.6659501278522837]"
49,1.27675647831893e-15,-12.349774476366083,"[0.37644638290989857, 0.6235536170901014]",0.9094505969650566,"[0.3340498721477161, 0.6659501278522837]"
50,1.27675647831893e-15,-12.349774476366083,"[0.37644638290989857, 0.6235536170901014]",0.9094505969650566,"[0.3340498721477161, 0.6659501278522837]"
51,1.27675647831893e-15,-12.349774476366083,"[0.37644638290989857, 0.6235536170901014]",0.9094505969650566,"[0.3340498721477161, 0.6659501278522837]"
52,1.27675647831893e-15,-12.349774476366083,"[0.37644638290989857, 0.6235536170901014]",0.9094505969650566,"[0.3340498721477161, 0.6659501278522837]"
53,1.27675647831893e-15,-12.349774476366083,"[0.37644638290989857, 0.6235536170901014]",0.9094505969650566,"[0.3340498721477161, 0.6659501278522837]"
54,1.27675647831893e-15,-12.349774476366083,"[0.37644638290989857, 0.6235536170901014]",0.9094505969650566,"[0.3340498721477161, 0.6659501278522837]"
55,1.27675647831893e-15,-12.349774476366083,"[0.37644638290989857, 0.6235536170901014]",0.9094505969650566,"[0.3340498721477161, 0.6659501278522837]"
56,1.27675647831893e-15,-12.349774476366083,"[0.37644638290989857, 0.6235536170901014]",0.9094505969650566,"[0.3340498721477161, 0.6659501278522837]"
57,1.27675647831893e-15,-12.349774476366083,"[0.37644638290989857, 0.6235536170901014]",0.9094505969650566,"[0.3340498721477161, 0.6659501278522837]"
58,1.27675647831893e-15,-12.349774476366083,"[0.37644638290989857, 0.6235536170901014]",0.9094505969650566,"[0.3340498721477161, 0.6659501278522837]"
59,1.27675647831893e-15,-12.349774476366083,"[0.37644638290989857, 0.6235536170901014]",0.9094505969650566,"[0.3340498721477161, 0.6659501278522837]"
60,1.27675647831893e-15,-12.349774476366083,"[0.37644638290989857, 0.6235536170901014]",0.9094505969650566,"[0.3340498721477161, 0.6659501278522837]"
61,1.27675647831893e-15,-12.349774476366083,"[0.37644638290989857, 0.6235536170901014]",0.9094505969650566,"[0.3340498721477161, 0.6659501278522837]"
62,1.27675647831893e-15,-12.349774476366083,"[0.37644638290989857, 0.6235536170901014]",0.9094505969650566,"[0.3340498721477161, 0.6659501278522837]"
63,1.27675647831893e-15,-12.349774476366083,"[0.37644638290989857, 0.6235536170901014]",0.9094505969650566,"[0.3340498721477161, 0.6659501278522837]"
64,1.27675647831893e-15,-12.349774476366083,"[0.37644638290989857, 0.6235536170901014]",0.9094505969650566,"[0.3340498721477161, 0.6659501278522837]"
65,1.27675647831893e-15,-12.349774476366083,"[0.37644638290989857, 0.6235536170901014]",0.9094505969650566,"[0.3340498721477161, 0.6659501278522837]"
66,1.27675647831893e-15,-12.349774476366083,"[0.37644638290989857, 0.6235536170901014]",0.9094505969650566,"[0.3340498721477161, 0.6659501278522837]"
67,1.27675647831893e-15,-12.349774476366083,"[0.37644638290989857, 0.6235536170901014]",0.9094505969650566,"[0.3340498721477161, 0.6659501278522837]"
68,1.27675647831893e-15,-12.349774476366083,"[0.37644638290989857, 0.6235536170901014]",0.9094505969650566,"[0.3340498721477161, 0.6659501278522837]"
69,1.27675647831893e-15,-12.349774476366083,"[0.37644638290989857, 0.6235536170901014]",0.9094505969650566,"[0.3340498721477161, 0.6659501278522837]"
70,1.27675647831893e-15,-12.349774476366083,"[0.37644638290989857, 0.6235536170901014]",0.9094505969650566,"[0.3340498721477161, 0.6659501278522837]"
71,1.27675647831893e-15,-12.349774476366083,"[0.37644638290989857, 0.6235536170901014]",0.9094505969650566,"[0.3340498721477161, 0.6659501278522837]"
72,1.27675647831893e-15,-12.349774476366083,"[0.37644638290989857, 0.6235536170901014]",0.9094505969650566,"[0.3340498721477161, 0.6659501278522837]"
73,1.27675647831893e-15,-12.349774476366083,"[0.37644638290989857, 0.6235536170901014]",0.9094505969650566,"[0.3340498721477161, 0.6659501278522837]"
74,1.27675647831893e-15,-12.349774476366083,"[0.37644638290989857, 0.6235536170901014]",0.9094505969650566,"[0.3340498721477161, 0.6659501278522837]"
75,1.27675647831893e-15,-12.349774476366083,"[0.37644638290989857, 0.6235536170901014]",0.9094505969650566,"[0.3340498721477161, 0.6659501278522837]"
76,1.27675647831893e-15,-12.349774476366083,"[0.37644638290989857, 0.6235536170901014]",0.9094505969650566,"[0.3340498721477161, 0.6659501278522837]"
77,1.27675647831893e-15,-12.349774476366083,"[0.37644638290989857, 0.6235536170901014]",0.9094505969650566,"[0.3340498721477161, 0.6659501278522837]"
78,1.27675647831893e-15,-12.349774476366083,"[0.37644638290989857, 0.6235536170901014]",0.9094505969650566,"[0.3340498721477161, 0.6659501278522837]"
79,1.27675647831893e-15,-12.349774476366083,"[0.37644638290989857, 0.6235536170901014]",0.9094505969650566,"[0.3340498721477161, 0.6659501278522837]"
80,1.27675647831893e-15,-12.349774476366083,"[0.37644638290989857, 0.6235536170901014]",0.9094505969650566,"[0.3340498721477161, 0.6659501278522837]"
81,1.27675647831893e-15,-12.349774476366083,"[0.37644638290989857, 0.6235536170901014]",0.9094505969650566,"[0.3340498721477161, 0.6659501278522837]"
82,1.27675647831893e-15,-12.349774476366083,"[0.37644638290989857, 0.6235536170901014]",0.9094505969650566,"[0.3340498721477161, 0.6659501278522837]"
83,1.27675647831893e-15,-12.349774476366083,"[0.37644638290989857, 0.6235536170901014]",0.9094505969650566,"[0.3340498721477161, 0.6659501278522837]"
84,1.27675647831893e-15,-12.349774476366083,"[0.37644638290989857, 0.6235536170901014]",0.9094505969650566,"[0.3340498721477161, 0.6659501278522837]"
85,1.27675647831893e-15,-12.349774476366083,"[0.37644638290989857, 0.6235536170901014]",0.9094505969650566,"[0.3340498721477161, 0.6659501278522837]"
86,1.27675647831893e-15,-12.349774476366083,"[0.37644638290989857, 0.6235536170901014]",0.9094505969650566,"[0.3340498721477161, 0.6659501278522837]"
87,1.27675647831893e-15,-12.349774476366083,"[0.37644638290989857, 0.6235536170901014]",0.9094505969650566,"[0.3340498721477161, 0.6659501278522837]"
88,1.27675647831893e-15,-12.349774476366083,"[0.37644638290989857, 0.6235536170901014]",0.9094505969650566,"[0.3340498721477161, 0.6659501278522837]"
89,1.27675647831893e-15,-12.349774476366083,"[0.37644638290989857, 0.6235536170901014]",0.9094505969650566,"[0.3340498721477161, 0.6659501278522837]"
90,1.27675647831893e-15,-12.349774476366083,"[0.37644638290989857, 0.6235536170901014]",0.9094505969650566,"[0.3340498721477161, 0.6659501278522837]"
91,1.27675647831893e-15,-12.349774476366083,"[0.37644638290989857, 0.6235536170901014]",0.9094505969650566,"[0.3340498721477161, 0.6659501278522837]"
92,1.27675647831893e-15,-12.349774476366083,"[0.37644638290989857, 0.6235536170901014]",0.9094505969650566,"[0.3340498721477161, 0.6659501278522837]"
93,1.27675647831893e-15,-12.349774476366083,"[0.37644638290989857, 0.6235536170901014]",0.9094505969650566,"[0.3340498721477161, 0.6659501278522837]"
94,1.27675647831893e-15,-12.349774476366083,"[0.37644638290989857, 0.6235536170901014]",0.9094505969650566,"[0.3340498721477161, 0.6659501278522837]"
95,1.27675647831893e-15,-12.349774476366083,"[0.37644638290989857, 0.6235536170901014]",0.9094505969650566,"[0.3340498721477161, 0.6659501278522837]"
96,1.27675647831893e-15,-12.349774476366083,"[0.37644638290989857, 0.6235536170901014]",0.9094505969650566,"[0.3340498721477161, 0.6659501278522837]"
97,1.27675647831893e-15,-12.349774476366083,"[0.37644638290989857, 0.6235536170901014]",0.9094505969650566,"[0.3340498721477161, 0.6659501278522837]"
98,1.27675647831893e-15,-12.349774476366083,"[0.37644638290989857, 0.6235536170901014]",0.9094505969650566,"[0.3340498721477161, 0.6659501278522837]"
99,1.27675647831893e-15,-12.349774476366083,"[0.37644638290989857, 0.6235536170901014]",0.9094505969650566,"[0.3340498721477161, 0.6659501278522837]"
100,1.27675647831893e-15,-12.349774476366083,"[0.37644638290989857, 0.6235536170901014]",0.9094505969650566,"[0.3340498721477161, 0.6659501278522837]"
