model,metric,value_estimate,value_truth,absolute_error,seed,method,target,dataset
logistic,accuracy,0.8167714589989213,0.8306451612903226,0.01387370229140128,0,ssme,heldout,PneumoniaMNIST_transfer
logistic,auc,0.933334265252014,0.8969221835075494,0.03641208174446464,0,ssme,heldout,PneumoniaMNIST_transfer
logistic,auprc,0.9255750959768888,0.9204940494805867,0.005081046496302144,0,ssme,heldout,PneumoniaMNIST_transfer
logistic,ece,0.17362293283712316,0.1641373585105257,0.009485574326597468,0,ssme,heldout,PneumoniaMNIST_transfer
random_forest,accuracy,0.7749474938937232,0.782258064516129,0.00731057062240581,0,ssme,heldout,PneumoniaMNIST_transfer
random_forest,auc,0.9072538392721805,0.9372822299651568,0.030028390692976248,0,ssme,heldout,PneumoniaMNIST_transfer
random_forest,auprc,0.9241382951160234,0.9686884253468594,0.04455013023083598,0,ssme,heldout,PneumoniaMNIST_transfer
random_forest,ece,0.16181467170751923,0.1345891287916565,0.027225542915862738,0,ssme,heldout,PneumoniaMNIST_transfer
mlp,accuracy,0.8051649124304138,0.8467741935483871,0.04160928111797335,0,ssme,heldout,PneumoniaMNIST_transfer
mlp,auc,0.9402358834727969,0.9182636469221834,0.021972236550613422,0,ssme,heldout,PneumoniaMNIST_transfer
mlp,auprc,0.9344072613186669,0.9383775651294544,0.0039703038107874455,0,ssme,heldout,PneumoniaMNIST_transfer
mlp,ece,0.17579281039914835,0.13381055662779706,0.041982253771351286,0,ssme,heldout,PneumoniaMNIST_transfer
extra_trees,accuracy,0.7651880103310384,0.7741935483870968,0.009005538056058304,0,ssme,heldout,PneumoniaMNIST_transfer
extra_trees,auc,0.9066324029868562,0.9274099883855982,0.02077758539874197,0,ssme,heldout,PneumoniaMNIST_transfer
extra_trees,auprc,0.9246751349623756,0.9626009933856007,0.037925858423225045,0,ssme,heldout,PneumoniaMNIST_transfer
extra_trees,ece,0.15916361108823207,0.11551778184981795,0.04364582923841412,0,ssme,heldout,PneumoniaMNIST_transfer
hist_gradient_boosting,accuracy,0.7868120715101985,0.8387096774193549,0.051897605909156375,0,ssme,heldout,PneumoniaMNIST_transfer
hist_gradient_boosting,auc,0.9231205318977278,0.9457026713124274,0.022582139414699554,0,ssme,heldout,PneumoniaMNIST_transfer
hist_gradient_boosting,auprc,0.9342748961049068,0.9723512552362583,0.038076359131351545,0,ssme,heldout,PneumoniaMNIST_transfer
hist_gradient_boosting,ece,0.18251404032550958,0.14684800513390928,0.035666035191600304,0,ssme,heldout,PneumoniaMNIST_transfer
logistic,accuracy,0.86,0.8306451612903226,0.029354838709677367,0,labeled_only,heldout,PneumoniaMNIST_transfer
logistic,auc,0.9395833333333333,0.8969221835075494,0.04266114982578395,0,labeled_only,heldout,PneumoniaMNIST_transfer
logistic,auprc,0.9387229451575361,0.9204940494805867,0.018228895676949408,0,labeled_only,heldout,PneumoniaMNIST_transfer
logistic,ece,0.13937683323834626,0.1641373585105257,0.024760525272179423,0,labeled_only,heldout,PneumoniaMNIST_transfer
random_forest,accuracy,0.82,0.782258064516129,0.03774193548387095,0,labeled_only,heldout,PneumoniaMNIST_transfer
random_forest,auc,0.94375,0.9372822299651568,0.006467770034843223,0,labeled_only,heldout,PneumoniaMNIST_transfer
random_forest,auprc,0.9606416646415438,0.9686884253468594,0.008046760705315625,0,labeled_only,heldout,PneumoniaMNIST_transfer
random_forest,ece,0.14584024630317907,0.1345891287916565,0.01125111751152258,0,labeled_only,heldout,PneumoniaMNIST_transfer
mlp,accuracy,0.84,0.8467741935483871,0.006774193548387153,0,labeled_only,heldout,PneumoniaMNIST_transfer
mlp,auc,0.9541666666666666,0.9182636469221834,0.03590301974448318,0,labeled_only,heldout,PneumoniaMNIST_transfer
mlp,auprc,0.9469569221320779,0.9383775651294544,0.008579357002623578,0,labeled_only,heldout,PneumoniaMNIST_transfer
mlp,ece,0.1509562677827001,0.13381055662779706,0.017145711154903043,0,labeled_only,heldout,PneumoniaMNIST_transfer
extra_trees,accuracy,0.8,0.7741935483870968,0.02580645161290329,0,labeled_only,heldout,PneumoniaMNIST_transfer
extra_trees,auc,0.9470833333333334,0.9274099883855982,0.019673344947735205,0,labeled_only,heldout,PneumoniaMNIST_transfer
extra_trees,auprc,0.9640958261702324,0.9626009933856007,0.0014948327846316944,0,labeled_only,heldout,PneumoniaMNIST_transfer
extra_trees,ece,0.14371716044844046,0.11551778184981795,0.02819937859862251,0,labeled_only,heldout,PneumoniaMNIST_transfer
hist_gradient_boosting,accuracy,0.85,0.8387096774193549,0.011290322580645107,0,labeled_only,heldout,PneumoniaMNIST_transfer
hist_gradient_boosting,auc,0.9566666666666668,0.9457026713124274,0.01096399535423942,0,labeled_only,heldout,PneumoniaMNIST_transfer
hist_gradient_boosting,auprc,0.971137809614978,0.9723512552362583,0.0012134456212803402,0,labeled_only,heldout,PneumoniaMNIST_transfer
hist_gradient_boosting,ece,0.14644853515671274,0.14684800513390928,0.00039946997719653154,0,labeled_only,heldout,PneumoniaMNIST_transfer
logistic,accuracy,0.8167714589989213,0.848,0.031228541001078636,0,ssme,estimation_pool,PneumoniaMNIST_transfer
logistic,auc,0.933334265252014,0.9325368641774892,0.0007974010745248616,0,ssme,estimation_pool,PneumoniaMNIST_transfer
logistic,auprc,0.9255750959768888,0.9463765298987439,0.020801433921855073,0,ssme,estimation_pool,PneumoniaMNIST_transfer
logistic,ece,0.17362293283712316,0.1424697923430217,0.03115314049410145,0,ssme,estimation_pool,PneumoniaMNIST_transfer
random_forest,accuracy,0.7749474938937232,0.826,0.05105250610627676,0,ssme,estimation_pool,PneumoniaMNIST_transfer
random_forest,auc,0.9072538392721805,0.9262040043290043,0.018950165056823787,0,ssme,estimation_pool,PneumoniaMNIST_transfer
random_forest,auprc,0.9241382951160234,0.9404432930941402,0.016304997978116798,0,ssme,estimation_pool,PneumoniaMNIST_transfer
random_forest,ece,0.16181467170751923,0.11679467170751925,0.04501999999999998,0,ssme,estimation_pool,PneumoniaMNIST_transfer
mlp,accuracy,0.8051649124304138,0.85,0.04483508756958621,0,ssme,estimation_pool,PneumoniaMNIST_transfer
mlp,auc,0.9402358834727969,0.9399688852813852,0.00026699819141162706,0,ssme,estimation_pool,PneumoniaMNIST_transfer
mlp,auprc,0.9344072613186669,0.9418620019183787,0.00745474059971174,0,ssme,estimation_pool,PneumoniaMNIST_transfer
mlp,ece,0.17579281039914835,0.13017278128686208,0.04562002911228627,0,ssme,estimation_pool,PneumoniaMNIST_transfer
extra_trees,accuracy,0.7651880103310384,0.814,0.0488119896689615,0,ssme,estimation_pool,PneumoniaMNIST_transfer
extra_trees,auc,0.9066324029868562,0.9270833333333333,0.020450930346477048,0,ssme,estimation_pool,PneumoniaMNIST_transfer
extra_trees,auprc,0.9246751349623756,0.9466549571602356,0.02197982219785999,0,ssme,estimation_pool,PneumoniaMNIST_transfer
extra_trees,ece,0.15916361108823207,0.11414361108823202,0.045020000000000046,0,ssme,estimation_pool,PneumoniaMNIST_transfer
hist_gradient_boosting,accuracy,0.7868120715101985,0.838,0.05118792848980147,0,ssme,estimation_pool,PneumoniaMNIST_transfer
hist_gradient_boosting,auc,0.9231205318977278,0.9447882846320346,0.021667752734306767,0,ssme,estimation_pool,PneumoniaMNIST_transfer
hist_gradient_boosting,auprc,0.9342748961049068,0.9612037933709265,0.02692889726601977,0,ssme,estimation_pool,PneumoniaMNIST_transfer
hist_gradient_boosting,ece,0.18251404032550958,0.1365483152910742,0.045965725034435384,0,ssme,estimation_pool,PneumoniaMNIST_transfer
logistic,accuracy,0.86,0.848,0.01200000000000001,0,labeled_only,estimation_pool,PneumoniaMNIST_transfer
logistic,auc,0.9395833333333333,0.9325368641774892,0.0070464691558441706,0,labeled_only,estimation_pool,PneumoniaMNIST_transfer
logistic,auprc,0.9387229451575361,0.9463765298987439,0.007653584741207808,0,labeled_only,estimation_pool,PneumoniaMNIST_transfer
logistic,ece,0.13937683323834626,0.1424697923430217,0.0030929591046754412,0,labeled_only,estimation_pool,PneumoniaMNIST_transfer
random_forest,accuracy,0.82,0.826,0.006000000000000005,0,labeled_only,estimation_pool,PneumoniaMNIST_transfer
random_forest,auc,0.94375,0.9262040043290043,0.017545995670995684,0,labeled_only,estimation_pool,PneumoniaMNIST_transfer
random_forest,auprc,0.9606416646415438,0.9404432930941402,0.02019837154740356,0,labeled_only,estimation_pool,PneumoniaMNIST_transfer
random_forest,ece,0.14584024630317907,0.11679467170751925,0.029045574595659818,0,labeled_only,estimation_pool,PneumoniaMNIST_transfer
mlp,accuracy,0.84,0.85,0.010000000000000009,0,labeled_only,estimation_pool,PneumoniaMNIST_transfer
mlp,auc,0.9541666666666666,0.9399688852813852,0.014197781385281383,0,labeled_only,estimation_pool,PneumoniaMNIST_transfer
mlp,auprc,0.9469569221320779,0.9418620019183787,0.005094920213699283,0,labeled_only,estimation_pool,PneumoniaMNIST_transfer
mlp,ece,0.1509562677827001,0.13017278128686208,0.020783486495838027,0,labeled_only,estimation_pool,PneumoniaMNIST_transfer
extra_trees,accuracy,0.8,0.814,0.013999999999999901,0,labeled_only,estimation_pool,PneumoniaMNIST_transfer
extra_trees,auc,0.9470833333333334,0.9270833333333333,0.02000000000000013,0,labeled_only,estimation_pool,PneumoniaMNIST_transfer
extra_trees,auprc,0.9640958261702324,0.9466549571602356,0.01744086900999675,0,labeled_only,estimation_pool,PneumoniaMNIST_transfer
extra_trees,ece,0.14371716044844046,0.11414361108823202,0.029573549360208437,0,labeled_only,estimation_pool,PneumoniaMNIST_transfer
hist_gradient_boosting,accuracy,0.85,0.838,0.01200000000000001,0,labeled_only,estimation_pool,PneumoniaMNIST_transfer
hist_gradient_boosting,auc,0.9566666666666668,0.9447882846320346,0.011878382034632207,0,labeled_only,estimation_pool,PneumoniaMNIST_transfer
hist_gradient_boosting,auprc,0.971137809614978,0.9612037933709265,0.009934016244051436,0,labeled_only,estimation_pool,PneumoniaMNIST_transfer
hist_gradient_boosting,ece,0.14644853515671274,0.1365483152910742,0.009900219865638549,0,labeled_only,estimation_pool,PneumoniaMNIST_transfer
logistic,accuracy,0.8628117771540892,0.8387096774193549,0.024102099734734317,1,ssme,heldout,PneumoniaMNIST_transfer
logistic,auc,0.9009243269020444,0.9275210084033613,0.026596681501316888,1,ssme,heldout,PneumoniaMNIST_transfer
logistic,auprc,0.9247182123189159,0.9150419761556168,0.009676236163299157,1,ssme,heldout,PneumoniaMNIST_transfer
logistic,ece,0.12779418088029726,0.1624665913906398,0.03467241051034253,1,ssme,heldout,PneumoniaMNIST_transfer
random_forest,accuracy,0.8362334795445675,0.7419354838709677,0.09429799567359975,1,ssme,heldout,PneumoniaMNIST_transfer
random_forest,auc,0.9031500272322048,0.8971901260504201,0.005959901181784688,1,ssme,heldout,PneumoniaMNIST_transfer
random_forest,auprc,0.9381676138154964,0.8794513441810147,0.05871626963448173,1,ssme,heldout,PneumoniaMNIST_transfer
random_forest,ece,0.08842918645137501,0.1554133921348038,0.06698420568342878,1,ssme,heldout,PneumoniaMNIST_transfer
mlp,accuracy,0.8621974187069995,0.8145161290322581,0.04768128967474139,1,ssme,heldout,PneumoniaMNIST_transfer
mlp,auc,0.9104243603070126,0.9308035714285714,0.020379211121558827,1,ssme,heldout,PneumoniaMNIST_transfer
mlp,auprc,0.929610615507523,0.9048384441673554,0.024772171340167626,1,ssme,heldout,PneumoniaMNIST_transfer
mlp,ece,0.1141244457390293,0.17194530500195299,0.057820859262923685,1,ssme,heldout,PneumoniaMNIST_transfer
extra_trees,accuracy,0.8296425826959335,0.7419354838709677,0.08770709882496575,1,ssme,heldout,PneumoniaMNIST_transfer
extra_trees,auc,0.8994103799887398,0.892594537815126,0.006815842173613862,1,ssme,heldout,PneumoniaMNIST_transfer
extra_trees,auprc,0.9360615703338081,0.8861488376824899,0.04991273265131824,1,ssme,heldout,PneumoniaMNIST_transfer
extra_trees,ece,0.08845846630179631,0.14741537978909144,0.058956913487295134,1,ssme,heldout,PneumoniaMNIST_transfer
hist_gradient_boosting,accuracy,0.8614511802805537,0.7661290322580645,0.09532214802248917,1,ssme,heldout,PneumoniaMNIST_transfer
hist_gradient_boosting,auc,0.913264770821409,0.9196428571428571,0.006378086321448095,1,ssme,heldout,PneumoniaMNIST_transfer
hist_gradient_boosting,auprc,0.941216778274104,0.9164137391422464,0.02480303913185755,1,ssme,heldout,PneumoniaMNIST_transfer
hist_gradient_boosting,ece,0.10634134669537948,0.19583751836397295,0.08949617166859347,1,ssme,heldout,PneumoniaMNIST_transfer
logistic,accuracy,0.85,0.8387096774193549,0.011290322580645107,1,labeled_only,heldout,PneumoniaMNIST_transfer
logistic,auc,0.8861538461538462,0.9275210084033613,0.04136716224951509,1,labeled_only,heldout,PneumoniaMNIST_transfer
logistic,auprc,0.916629899985035,0.9150419761556168,0.0015879238294181919,1,labeled_only,heldout,PneumoniaMNIST_transfer
logistic,ece,0.14955953528187038,0.1624665913906398,0.01290705610876941,1,labeled_only,heldout,PneumoniaMNIST_transfer
random_forest,accuracy,0.85,0.7419354838709677,0.10806451612903223,1,labeled_only,heldout,PneumoniaMNIST_transfer
random_forest,auc,0.9147252747252748,0.8971901260504201,0.017535148674854617,1,labeled_only,heldout,PneumoniaMNIST_transfer
random_forest,auprc,0.9479633043228906,0.8794513441810147,0.06851196014187588,1,labeled_only,heldout,PneumoniaMNIST_transfer
random_forest,ece,0.10269602324328747,0.1554133921348038,0.05271736889151632,1,labeled_only,heldout,PneumoniaMNIST_transfer
mlp,accuracy,0.83,0.8145161290322581,0.015483870967741842,1,labeled_only,heldout,PneumoniaMNIST_transfer
mlp,auc,0.9010989010989011,0.9308035714285714,0.02970467032967028,1,labeled_only,heldout,PneumoniaMNIST_transfer
mlp,auprc,0.9186987816403172,0.9048384441673554,0.013860337472961781,1,labeled_only,heldout,PneumoniaMNIST_transfer
mlp,ece,0.13789809625837607,0.17194530500195299,0.03404720874357692,1,labeled_only,heldout,PneumoniaMNIST_transfer
extra_trees,accuracy,0.83,0.7419354838709677,0.08806451612903221,1,labeled_only,heldout,PneumoniaMNIST_transfer
extra_trees,auc,0.9010989010989011,0.892594537815126,0.00850436328377513,1,labeled_only,heldout,PneumoniaMNIST_transfer
extra_trees,auprc,0.9379795830449152,0.8861488376824899,0.05183074536242538,1,labeled_only,heldout,PneumoniaMNIST_transfer
extra_trees,ece,0.10863873990839229,0.14741537978909144,0.038776639880699154,1,labeled_only,heldout,PneumoniaMNIST_transfer
hist_gradient_boosting,accuracy,0.88,0.7661290322580645,0.1138709677419355,1,labeled_only,heldout,PneumoniaMNIST_transfer
hist_gradient_boosting,auc,0.9296703296703297,0.9196428571428571,0.010027472527472603,1,labeled_only,heldout,PneumoniaMNIST_transfer
hist_gradient_boosting,auprc,0.9558452224215428,0.9164137391422464,0.03943148327929635,1,labeled_only,heldout,PneumoniaMNIST_transfer
hist_gradient_boosting,ece,0.11193950165405366,0.19583751836397295,0.0838980167099193,1,labeled_only,heldout,PneumoniaMNIST_transfer
logistic,accuracy,0.8628117771540892,0.846,0.016811777154089214,1,ssme,estimation_pool,PneumoniaMNIST_transfer
logistic,auc,0.9009243269020444,0.9263033009979762,0.025378974095931817,1,ssme,estimation_pool,PneumoniaMNIST_transfer
logistic,auprc,0.9247182123189159,0.9462477734594013,0.02152956114048532,1,ssme,estimation_pool,PneumoniaMNIST_transfer
logistic,ece,0.12779418088029726,0.14534243906842842,0.01754825818813116,1,ssme,estimation_pool,PneumoniaMNIST_transfer
random_forest,accuracy,0.8362334795445675,0.836,0.0002334795445675386,1,ssme,estimation_pool,PneumoniaMNIST_transfer
random_forest,auc,0.9031500272322048,0.9365796636192337,0.033429636387028894,1,ssme,estimation_pool,PneumoniaMNIST_transfer
random_forest,auprc,0.9381676138154964,0.962121355733736,0.023953741918239624,1,ssme,estimation_pool,PneumoniaMNIST_transfer
random_forest,ece,0.08842918645137501,0.10575766423135764,0.01732847777998263,1,ssme,estimation_pool,PneumoniaMNIST_transfer
mlp,accuracy,0.8621974187069995,0.858,0.004197418706999523,1,ssme,estimation_pool,PneumoniaMNIST_transfer
mlp,auc,0.9104243603070126,0.937800963081862,0.027376602774849434,1,ssme,estimation_pool,PneumoniaMNIST_transfer
mlp,auprc,0.929610615507523,0.9484614078037102,0.018850792296187246,1,ssme,estimation_pool,PneumoniaMNIST_transfer
mlp,ece,0.1141244457390293,0.12132561479447293,0.007201169055443629,1,ssme,estimation_pool,PneumoniaMNIST_transfer
extra_trees,accuracy,0.8296425826959335,0.822,0.007642582695933542,1,ssme,estimation_pool,PneumoniaMNIST_transfer
extra_trees,auc,0.8994103799887398,0.9366494521599553,0.03723907217121547,1,ssme,estimation_pool,PneumoniaMNIST_transfer
extra_trees,auprc,0.9360615703338081,0.963207330526706,0.02714576019289794,1,ssme,estimation_pool,PneumoniaMNIST_transfer
extra_trees,ece,0.08845846630179631,0.10401262766242912,0.015554161360632812,1,ssme,estimation_pool,PneumoniaMNIST_transfer
hist_gradient_boosting,accuracy,0.8614511802805537,0.856,0.005451180280553691,1,ssme,estimation_pool,PneumoniaMNIST_transfer
hist_gradient_boosting,auc,0.913264770821409,0.9512701514411332,0.03800538061972425,1,ssme,estimation_pool,PneumoniaMNIST_transfer
hist_gradient_boosting,auprc,0.941216778274104,0.9715151727940718,0.030298394519967853,1,ssme,estimation_pool,PneumoniaMNIST_transfer
hist_gradient_boosting,ece,0.10634134669537948,0.12396028716265453,0.01761894046727505,1,ssme,estimation_pool,PneumoniaMNIST_transfer
logistic,accuracy,0.85,0.846,0.0040000000000000036,1,labeled_only,estimation_pool,PneumoniaMNIST_transfer
logistic,auc,0.8861538461538462,0.9263033009979762,0.04014945484413002,1,labeled_only,estimation_pool,PneumoniaMNIST_transfer
logistic,auprc,0.916629899985035,0.9462477734594013,0.029617873474366285,1,labeled_only,estimation_pool,PneumoniaMNIST_transfer
logistic,ece,0.14955953528187038,0.14534243906842842,0.004217096213441962,1,labeled_only,estimation_pool,PneumoniaMNIST_transfer
random_forest,accuracy,0.85,0.836,0.014000000000000012,1,labeled_only,estimation_pool,PneumoniaMNIST_transfer
random_forest,auc,0.9147252747252748,0.9365796636192337,0.021854388893958965,1,labeled_only,estimation_pool,PneumoniaMNIST_transfer
random_forest,auprc,0.9479633043228906,0.962121355733736,0.014158051410845474,1,labeled_only,estimation_pool,PneumoniaMNIST_transfer
random_forest,ece,0.10269602324328747,0.10575766423135764,0.0030616409880701717,1,labeled_only,estimation_pool,PneumoniaMNIST_transfer
mlp,accuracy,0.83,0.858,0.028000000000000025,1,labeled_only,estimation_pool,PneumoniaMNIST_transfer
mlp,auc,0.9010989010989011,0.937800963081862,0.03670206198296089,1,labeled_only,estimation_pool,PneumoniaMNIST_transfer
mlp,auprc,0.9186987816403172,0.9484614078037102,0.02976262616339309,1,labeled_only,estimation_pool,PneumoniaMNIST_transfer
mlp,ece,0.13789809625837607,0.12132561479447293,0.016572481463903138,1,labeled_only,estimation_pool,PneumoniaMNIST_transfer
extra_trees,accuracy,0.83,0.822,0.008000000000000007,1,labeled_only,estimation_pool,PneumoniaMNIST_transfer
extra_trees,auc,0.9010989010989011,0.9366494521599553,0.0355505510610542,1,labeled_only,estimation_pool,PneumoniaMNIST_transfer
extra_trees,auprc,0.9379795830449152,0.963207330526706,0.025227747481790797,1,labeled_only,estimation_pool,PneumoniaMNIST_transfer
extra_trees,ece,0.10863873990839229,0.10401262766242912,0.004626112245963168,1,labeled_only,estimation_pool,PneumoniaMNIST_transfer
hist_gradient_boosting,accuracy,0.88,0.856,0.02400000000000002,1,labeled_only,estimation_pool,PneumoniaMNIST_transfer
hist_gradient_boosting,auc,0.9296703296703297,0.9512701514411332,0.02159982177080355,1,labeled_only,estimation_pool,PneumoniaMNIST_transfer
hist_gradient_boosting,auprc,0.9558452224215428,0.9715151727940718,0.01566995037252905,1,labeled_only,estimation_pool,PneumoniaMNIST_transfer
hist_gradient_boosting,ece,0.11193950165405366,0.12396028716265453,0.012020785508600876,1,labeled_only,estimation_pool,PneumoniaMNIST_transfer
logistic,accuracy,0.8523418304219206,0.7741935483870968,0.07814828203482382,2,ssme,heldout,PneumoniaMNIST_transfer
logistic,auc,0.9272791268179459,0.8950892857142858,0.03218984110366008,2,ssme,heldout,PneumoniaMNIST_transfer
logistic,auprc,0.9330348736486692,0.8905399269686362,0.04249494668003306,2,ssme,heldout,PneumoniaMNIST_transfer
logistic,ece,0.13536158803504766,0.21763621718583412,0.08227462915078645,2,ssme,heldout,PneumoniaMNIST_transfer
random_forest,accuracy,0.8215679223528021,0.7258064516129032,0.09576147073989882,2,ssme,heldout,PneumoniaMNIST_transfer
random_forest,auc,0.9257743297297335,0.8785451680672269,0.04722916166250657,2,ssme,heldout,PneumoniaMNIST_transfer
random_forest,auprc,0.9465802213529089,0.8608250733993073,0.08575514795360162,2,ssme,heldout,PneumoniaMNIST_transfer
random_forest,ece,0.11297859567698038,0.19452157097797093,0.08154297530099056,2,ssme,heldout,PneumoniaMNIST_transfer
mlp,accuracy,0.8607344445778606,0.7903225806451613,0.07041186393269938,2,ssme,heldout,PneumoniaMNIST_transfer
mlp,auc,0.9388069772176978,0.9101890756302521,0.028617901587445704,2,ssme,heldout,PneumoniaMNIST_transfer
mlp,auprc,0.942410200188568,0.8867705215601973,0.055639678628370715,2,ssme,heldout,PneumoniaMNIST_transfer
mlp,ece,0.12216330103672543,0.19743924668434357,0.07527594564761814,2,ssme,heldout,PneumoniaMNIST_transfer
extra_trees,accuracy,0.8154043745843158,0.717741935483871,0.09766243910044481,2,ssme,heldout,PneumoniaMNIST_transfer
extra_trees,auc,0.9239327542023191,0.8757878151260505,0.0481449390762686,2,ssme,heldout,PneumoniaMNIST_transfer
extra_trees,auprc,0.9455974265931509,0.878547626334799,0.06704980025835194,2,ssme,heldout,PneumoniaMNIST_transfer
extra_trees,ece,0.11051801328906548,0.1930323603206831,0.08251434703161763,2,ssme,heldout,PneumoniaMNIST_transfer
hist_gradient_boosting,accuracy,0.8397129199894345,0.7580645161290323,0.08164840386040229,2,ssme,heldout,PneumoniaMNIST_transfer
hist_gradient_boosting,auc,0.9348279397331706,0.9209558823529411,0.013872057380229452,2,ssme,heldout,PneumoniaMNIST_transfer
hist_gradient_boosting,auprc,0.9505422514241622,0.9285683814935455,0.021973869930616674,2,ssme,heldout,PneumoniaMNIST_transfer
hist_gradient_boosting,ece,0.1345369150017791,0.21740890002809224,0.08287198502631313,2,ssme,heldout,PneumoniaMNIST_transfer
logistic,accuracy,0.86,0.7741935483870968,0.08580645161290323,2,labeled_only,heldout,PneumoniaMNIST_transfer
logistic,auc,0.9358766233766234,0.8950892857142858,0.04078733766233755,2,labeled_only,heldout,PneumoniaMNIST_transfer
logistic,auprc,0.9254573023773762,0.8905399269686362,0.03491737540874007,2,labeled_only,heldout,PneumoniaMNIST_transfer
logistic,ece,0.14620541179993232,0.21763621718583412,0.0714308053859018,2,labeled_only,heldout,PneumoniaMNIST_transfer
random_forest,accuracy,0.85,0.7258064516129032,0.12419354838709673,2,labeled_only,heldout,PneumoniaMNIST_transfer
random_forest,auc,0.9715909090909091,0.8785451680672269,0.09304574102368213,2,labeled_only,heldout,PneumoniaMNIST_transfer
random_forest,auprc,0.9752306845131085,0.8608250733993073,0.11440561111380121,2,labeled_only,heldout,PneumoniaMNIST_transfer
random_forest,ece,0.14403218765108988,0.19452157097797093,0.05048938332688105,2,labeled_only,heldout,PneumoniaMNIST_transfer
mlp,accuracy,0.88,0.7903225806451613,0.08967741935483875,2,labeled_only,heldout,PneumoniaMNIST_transfer
mlp,auc,0.9508928571428571,0.9101890756302521,0.04070378151260501,2,labeled_only,heldout,PneumoniaMNIST_transfer
mlp,auprc,0.9336869081411141,0.8867705215601973,0.04691638658091679,2,labeled_only,heldout,PneumoniaMNIST_transfer
mlp,ece,0.12679753132065932,0.19743924668434357,0.07064171536368424,2,labeled_only,heldout,PneumoniaMNIST_transfer
extra_trees,accuracy,0.85,0.717741935483871,0.13225806451612898,2,labeled_only,heldout,PneumoniaMNIST_transfer
extra_trees,auc,0.9748376623376623,0.8757878151260505,0.09904984721161181,2,labeled_only,heldout,PneumoniaMNIST_transfer
extra_trees,auprc,0.9767887681375838,0.878547626334799,0.09824114180278476,2,labeled_only,heldout,PneumoniaMNIST_transfer
extra_trees,ece,0.14875611713449946,0.1930323603206831,0.044276243186183645,2,labeled_only,heldout,PneumoniaMNIST_transfer
hist_gradient_boosting,accuracy,0.86,0.7580645161290323,0.10193548387096774,2,labeled_only,heldout,PneumoniaMNIST_transfer
hist_gradient_boosting,auc,0.9671266233766234,0.9209558823529411,0.04617074102368224,2,labeled_only,heldout,PneumoniaMNIST_transfer
hist_gradient_boosting,auprc,0.9720589084763833,0.9285683814935455,0.04349052698283784,2,labeled_only,heldout,PneumoniaMNIST_transfer
hist_gradient_boosting,ece,0.14540048128033184,0.21740890002809224,0.0720084187477604,2,labeled_only,heldout,PneumoniaMNIST_transfer
logistic,accuracy,0.8523418304219206,0.862,0.009658169578079412,2,ssme,estimation_pool,PneumoniaMNIST_transfer
logistic,auc,0.9272791268179459,0.9368762649173006,0.009597138099354696,2,ssme,estimation_pool,PneumoniaMNIST_transfer
logistic,auprc,0.9330348736486692,0.9533007254337089,0.0202658517850397,2,ssme,estimation_pool,PneumoniaMNIST_transfer
logistic,ece,0.13536158803504766,0.1286948730465094,0.006666714988538269,2,ssme,estimation_pool,PneumoniaMNIST_transfer
random_forest,accuracy,0.8215679223528021,0.84,0.018432077647197898,2,ssme,estimation_pool,PneumoniaMNIST_transfer
random_forest,auc,0.9257743297297335,0.9423721124991277,0.016597782769394165,2,ssme,estimation_pool,PneumoniaMNIST_transfer
random_forest,auprc,0.9465802213529089,0.9659460623818463,0.01936584102893746,2,ssme,estimation_pool,PneumoniaMNIST_transfer
random_forest,ece,0.11297859567698038,0.09653431117632048,0.016444284500659892,2,ssme,estimation_pool,PneumoniaMNIST_transfer
mlp,accuracy,0.8607344445778606,0.864,0.0032655554221393546,2,ssme,estimation_pool,PneumoniaMNIST_transfer
mlp,auc,0.9388069772176978,0.946280270779538,0.007473293561840233,2,ssme,estimation_pool,PneumoniaMNIST_transfer
mlp,auprc,0.942410200188568,0.9550518350544623,0.012641634865894313,2,ssme,estimation_pool,PneumoniaMNIST_transfer
mlp,ece,0.12216330103672543,0.11432273807233442,0.007840562964391007,2,ssme,estimation_pool,PneumoniaMNIST_transfer
extra_trees,accuracy,0.8154043745843158,0.828,0.012595625415684153,2,ssme,estimation_pool,PneumoniaMNIST_transfer
extra_trees,auc,0.9239327542023191,0.9419359341196176,0.018003179917298495,2,ssme,estimation_pool,PneumoniaMNIST_transfer
extra_trees,auprc,0.9455974265931509,0.966706875441266,0.021109448848115053,2,ssme,estimation_pool,PneumoniaMNIST_transfer
extra_trees,ece,0.11051801328906548,0.09473636370894459,0.01578164958012089,2,ssme,estimation_pool,PneumoniaMNIST_transfer
hist_gradient_boosting,accuracy,0.8397129199894345,0.858,0.01828708001056545,2,ssme,estimation_pool,PneumoniaMNIST_transfer
hist_gradient_boosting,auc,0.9348279397331706,0.9533987019331426,0.018570762199972002,2,ssme,estimation_pool,PneumoniaMNIST_transfer
hist_gradient_boosting,auprc,0.9505422514241622,0.9725970338563275,0.0220547824321653,2,ssme,estimation_pool,PneumoniaMNIST_transfer
hist_gradient_boosting,ece,0.1345369150017791,0.11783398534394661,0.016702929657832502,2,ssme,estimation_pool,PneumoniaMNIST_transfer
logistic,accuracy,0.86,0.862,0.0020000000000000018,2,labeled_only,estimation_pool,PneumoniaMNIST_transfer
logistic,auc,0.9358766233766234,0.9368762649173006,0.0009996415406772208,2,labeled_only,estimation_pool,PneumoniaMNIST_transfer
logistic,auprc,0.9254573023773762,0.9533007254337089,0.027843423056332695,2,labeled_only,estimation_pool,PneumoniaMNIST_transfer
logistic,ece,0.14620541179993232,0.1286948730465094,0.017510538753422927,2,labeled_only,estimation_pool,PneumoniaMNIST_transfer
random_forest,accuracy,0.85,0.84,0.010000000000000009,2,labeled_only,estimation_pool,PneumoniaMNIST_transfer
random_forest,auc,0.9715909090909091,0.9423721124991277,0.029218796591781393,2,labeled_only,estimation_pool,PneumoniaMNIST_transfer
random_forest,auprc,0.9752306845131085,0.9659460623818463,0.009284622131262132,2,labeled_only,estimation_pool,PneumoniaMNIST_transfer
random_forest,ece,0.14403218765108988,0.09653431117632048,0.0474978764747694,2,labeled_only,estimation_pool,PneumoniaMNIST_transfer
mlp,accuracy,0.88,0.864,0.016000000000000014,2,labeled_only,estimation_pool,PneumoniaMNIST_transfer
mlp,auc,0.9508928571428571,0.946280270779538,0.004612586363319071,2,labeled_only,estimation_pool,PneumoniaMNIST_transfer
mlp,auprc,0.9336869081411141,0.9550518350544623,0.021364926913348237,2,labeled_only,estimation_pool,PneumoniaMNIST_transfer
mlp,ece,0.12679753132065932,0.11432273807233442,0.0124747932483249,2,labeled_only,estimation_pool,PneumoniaMNIST_transfer
extra_trees,accuracy,0.85,0.828,0.02200000000000002,2,labeled_only,estimation_pool,PneumoniaMNIST_transfer
extra_trees,auc,0.9748376623376623,0.9419359341196176,0.03290172821804471,2,labeled_only,estimation_pool,PneumoniaMNIST_transfer
extra_trees,auprc,0.9767887681375838,0.966706875441266,0.010081892696317762,2,labeled_only,estimation_pool,PneumoniaMNIST_transfer
extra_trees,ece,0.14875611713449946,0.09473636370894459,0.05401975342555487,2,labeled_only,estimation_pool,PneumoniaMNIST_transfer
hist_gradient_boosting,accuracy,0.86,0.858,0.0020000000000000018,2,labeled_only,estimation_pool,PneumoniaMNIST_transfer
hist_gradient_boosting,auc,0.9671266233766234,0.9533987019331426,0.013727921443480784,2,labeled_only,estimation_pool,PneumoniaMNIST_transfer
hist_gradient_boosting,auprc,0.9720589084763833,0.9725970338563275,0.0005381253799441321,2,labeled_only,estimation_pool,PneumoniaMNIST_transfer
hist_gradient_boosting,ece,0.14540048128033184,0.11783398534394661,0.02756649593638523,2,labeled_only,estimation_pool,PneumoniaMNIST_transfer
logistic,accuracy,0.858113901868958,0.8467741935483871,0.011339708320570852,3,ssme,heldout,PneumoniaMNIST_transfer
logistic,auc,0.9461605982493476,0.8794142980189492,0.0667463002303984,3,ssme,heldout,PneumoniaMNIST_transfer
logistic,auprc,0.9622946518473795,0.8934546277332281,0.06884002411415135,3,ssme,heldout,PneumoniaMNIST_transfer
logistic,ece,0.1270247867609652,0.14605366444807363,0.019028877687108425,3,ssme,heldout,PneumoniaMNIST_transfer
random_forest,accuracy,0.8387279422219955,0.8064516129032258,0.03227632931876978,3,ssme,heldout,PneumoniaMNIST_transfer
random_forest,auc,0.9285311962591629,0.8983634797588286,0.03016771650033434,3,ssme,heldout,PneumoniaMNIST_transfer
random_forest,auprc,0.9388282672073912,0.9301594852758674,0.008668781931523761,3,ssme,heldout,PneumoniaMNIST_transfer
random_forest,ece,0.09705251444767943,0.09903453724486606,0.001982022797186636,3,ssme,heldout,PneumoniaMNIST_transfer
mlp,accuracy,0.8731857768776915,0.8629032258064516,0.010282551071239876,3,ssme,heldout,PneumoniaMNIST_transfer
mlp,auc,0.9551035326989377,0.902383003158197,0.05272052954074069,3,ssme,heldout,PneumoniaMNIST_transfer
mlp,auprc,0.9633587216422467,0.9025819016116663,0.06077682003058038,3,ssme,heldout,PneumoniaMNIST_transfer
mlp,ece,0.10451699885206804,0.12990030704700362,0.025383308194935575,3,ssme,heldout,PneumoniaMNIST_transfer
extra_trees,accuracy,0.8225176949257983,0.8145161290322581,0.008001565893540175,3,ssme,heldout,PneumoniaMNIST_transfer
extra_trees,auc,0.926612045856995,0.9086993970714901,0.017912648785504914,3,ssme,heldout,PneumoniaMNIST_transfer
extra_trees,auprc,0.945664469476506,0.9433384322726933,0.0023260372038126365,3,ssme,heldout,PneumoniaMNIST_transfer
extra_trees,ece,0.0965895782016744,0.10256136714002836,0.00597178893835397,3,ssme,heldout,PneumoniaMNIST_transfer
hist_gradient_boosting,accuracy,0.8523921829767782,0.8467741935483871,0.00561798942839109,3,ssme,heldout,PneumoniaMNIST_transfer
hist_gradient_boosting,auc,0.9432617510234671,0.9230548377835199,0.020206913239947166,3,ssme,heldout,PneumoniaMNIST_transfer
hist_gradient_boosting,auprc,0.9576049142927032,0.9552156642309233,0.002389250061779924,3,ssme,heldout,PneumoniaMNIST_transfer
hist_gradient_boosting,ece,0.11590351759476882,0.134500056871461,0.01859653927669218,3,ssme,heldout,PneumoniaMNIST_transfer
logistic,accuracy,0.81,0.8467741935483871,0.03677419354838707,3,labeled_only,heldout,PneumoniaMNIST_transfer
logistic,auc,0.9260249554367201,0.8794142980189492,0.04661065741777093,3,labeled_only,heldout,PneumoniaMNIST_transfer
logistic,auprc,0.9550938266815796,0.8934546277332281,0.06163919894835146,3,labeled_only,heldout,PneumoniaMNIST_transfer
logistic,ece,0.17808615185920854,0.14605366444807363,0.0320324874111349,3,labeled_only,heldout,PneumoniaMNIST_transfer
random_forest,accuracy,0.85,0.8064516129032258,0.04354838709677422,3,labeled_only,heldout,PneumoniaMNIST_transfer
random_forest,auc,0.9135472370766489,0.8983634797588286,0.01518375731782029,3,labeled_only,heldout,PneumoniaMNIST_transfer
random_forest,auprc,0.9215325896006312,0.9301594852758674,0.008626895675236224,3,labeled_only,heldout,PneumoniaMNIST_transfer
random_forest,ece,0.11081078518522242,0.09903453724486606,0.011776247940356352,3,labeled_only,heldout,PneumoniaMNIST_transfer
mlp,accuracy,0.85,0.8629032258064516,0.012903225806451646,3,labeled_only,heldout,PneumoniaMNIST_transfer
mlp,auc,0.9367201426024955,0.902383003158197,0.0343371394442985,3,labeled_only,heldout,PneumoniaMNIST_transfer
mlp,auprc,0.9450965773195106,0.9025819016116663,0.042514675707844285,3,labeled_only,heldout,PneumoniaMNIST_transfer
mlp,ece,0.13166892429666144,0.12990030704700362,0.0017686172496578223,3,labeled_only,heldout,PneumoniaMNIST_transfer
extra_trees,accuracy,0.81,0.8145161290322581,0.004516129032258065,3,labeled_only,heldout,PneumoniaMNIST_transfer
extra_trees,auc,0.9128787878787878,0.9086993970714901,0.004179390807297789,3,labeled_only,heldout,PneumoniaMNIST_transfer
extra_trees,auprc,0.9298369112074387,0.9433384322726933,0.013501521065254596,3,labeled_only,heldout,PneumoniaMNIST_transfer
extra_trees,ece,0.10260404375402378,0.10256136714002836,4.267661399541545e-05,3,labeled_only,heldout,PneumoniaMNIST_transfer
hist_gradient_boosting,accuracy,0.84,0.8467741935483871,0.006774193548387153,3,labeled_only,heldout,PneumoniaMNIST_transfer
hist_gradient_boosting,auc,0.9322638146167558,0.9230548377835199,0.009208976833235849,3,labeled_only,heldout,PneumoniaMNIST_transfer
hist_gradient_boosting,auprc,0.9546343736823447,0.9552156642309233,0.0005812905485785835,3,labeled_only,heldout,PneumoniaMNIST_transfer
hist_gradient_boosting,ece,0.13745295783111516,0.134500056871461,0.00295290095965417,3,labeled_only,heldout,PneumoniaMNIST_transfer
logistic,accuracy,0.858113901868958,0.844,0.014113901868958001,3,ssme,estimation_pool,PneumoniaMNIST_transfer
logistic,auc,0.9461605982493476,0.9358596384215253,0.010300959827822309,3,ssme,estimation_pool,PneumoniaMNIST_transfer
logistic,auprc,0.9622946518473795,0.9524411361293926,0.009853515717986872,3,ssme,estimation_pool,PneumoniaMNIST_transfer
logistic,ece,0.1270247867609652,0.14778673175816973,0.020761944997204518,3,ssme,estimation_pool,PneumoniaMNIST_transfer
random_forest,accuracy,0.8387279422219955,0.82,0.018727942221995586,3,ssme,estimation_pool,PneumoniaMNIST_transfer
random_forest,auc,0.9285311962591629,0.9341313814195428,0.005600185160379856,3,ssme,estimation_pool,PneumoniaMNIST_transfer
random_forest,auprc,0.9388282672073912,0.9498740661344286,0.011045798927037387,3,ssme,estimation_pool,PneumoniaMNIST_transfer
random_forest,ece,0.09705251444767943,0.11973962024406216,0.022687105796382737,3,ssme,estimation_pool,PneumoniaMNIST_transfer
mlp,accuracy,0.8731857768776915,0.846,0.027185776877691525,3,ssme,estimation_pool,PneumoniaMNIST_transfer
mlp,auc,0.9551035326989377,0.9432555617682441,0.011847970930693563,3,ssme,estimation_pool,PneumoniaMNIST_transfer
mlp,auprc,0.9633587216422467,0.9505503156238595,0.012808406018387175,3,ssme,estimation_pool,PneumoniaMNIST_transfer
mlp,ece,0.10451699885206804,0.12999131232701372,0.02547431347494568,3,ssme,estimation_pool,PneumoniaMNIST_transfer
extra_trees,accuracy,0.8225176949257983,0.804,0.018517694925798245,3,ssme,estimation_pool,PneumoniaMNIST_transfer
extra_trees,auc,0.926612045856995,0.931572883308765,0.004960837451770006,3,ssme,estimation_pool,PneumoniaMNIST_transfer
extra_trees,auprc,0.945664469476506,0.9519631689542887,0.006298699477782721,3,ssme,estimation_pool,PneumoniaMNIST_transfer
extra_trees,ece,0.0965895782016744,0.11635066650014037,0.01976108829846597,3,ssme,estimation_pool,PneumoniaMNIST_transfer
hist_gradient_boosting,accuracy,0.8523921829767782,0.836,0.016392182976778247,3,ssme,estimation_pool,PneumoniaMNIST_transfer
hist_gradient_boosting,auc,0.9432617510234671,0.9501008149917823,0.00683906396831524,3,ssme,estimation_pool,PneumoniaMNIST_transfer
hist_gradient_boosting,auprc,0.9576049142927032,0.9660085196788086,0.008403605386105406,3,ssme,estimation_pool,PneumoniaMNIST_transfer
hist_gradient_boosting,ece,0.11590351759476882,0.13861141463494064,0.02270789704017183,3,ssme,estimation_pool,PneumoniaMNIST_transfer
logistic,accuracy,0.81,0.844,0.03399999999999992,3,labeled_only,estimation_pool,PneumoniaMNIST_transfer
logistic,auc,0.9260249554367201,0.9358596384215253,0.009834682984805165,3,labeled_only,estimation_pool,PneumoniaMNIST_transfer
logistic,auprc,0.9550938266815796,0.9524411361293926,0.002652690552186976,3,labeled_only,estimation_pool,PneumoniaMNIST_transfer
logistic,ece,0.17808615185920854,0.14778673175816973,0.03029942010103881,3,labeled_only,estimation_pool,PneumoniaMNIST_transfer
random_forest,accuracy,0.85,0.82,0.030000000000000027,3,labeled_only,estimation_pool,PneumoniaMNIST_transfer
random_forest,auc,0.9135472370766489,0.9341313814195428,0.020584144342893906,3,labeled_only,estimation_pool,PneumoniaMNIST_transfer
random_forest,auprc,0.9215325896006312,0.9498740661344286,0.028341476533797372,3,labeled_only,estimation_pool,PneumoniaMNIST_transfer
random_forest,ece,0.11081078518522242,0.11973962024406216,0.008928835058839749,3,labeled_only,estimation_pool,PneumoniaMNIST_transfer
mlp,accuracy,0.85,0.846,0.0040000000000000036,3,labeled_only,estimation_pool,PneumoniaMNIST_transfer
mlp,auc,0.9367201426024955,0.9432555617682441,0.006535419165748624,3,labeled_only,estimation_pool,PneumoniaMNIST_transfer
mlp,auprc,0.9450965773195106,0.9505503156238595,0.005453738304348921,3,labeled_only,estimation_pool,PneumoniaMNIST_transfer
mlp,ece,0.13166892429666144,0.12999131232701372,0.0016776119696477187,3,labeled_only,estimation_pool,PneumoniaMNIST_transfer
extra_trees,accuracy,0.81,0.804,0.006000000000000005,3,labeled_only,estimation_pool,PneumoniaMNIST_transfer
extra_trees,auc,0.9128787878787878,0.931572883308765,0.01869409542997713,3,labeled_only,estimation_pool,PneumoniaMNIST_transfer
extra_trees,auprc,0.9298369112074387,0.9519631689542887,0.022126257746849953,3,labeled_only,estimation_pool,PneumoniaMNIST_transfer
extra_trees,ece,0.10260404375402378,0.11635066650014037,0.013746622746116585,3,labeled_only,estimation_pool,PneumoniaMNIST_transfer
hist_gradient_boosting,accuracy,0.84,0.836,0.0040000000000000036,3,labeled_only,estimation_pool,PneumoniaMNIST_transfer
hist_gradient_boosting,auc,0.9322638146167558,0.9501008149917823,0.017837000375026557,3,labeled_only,estimation_pool,PneumoniaMNIST_transfer
hist_gradient_boosting,auprc,0.9546343736823447,0.9660085196788086,0.011374145996463914,3,labeled_only,estimation_pool,PneumoniaMNIST_transfer
hist_gradient_boosting,ece,0.13745295783111516,0.13861141463494064,0.0011584568038254806,3,labeled_only,estimation_pool,PneumoniaMNIST_transfer
logistic,accuracy,0.8290489025820074,0.8306451612903226,0.0015962587083152568,4,ssme,heldout,PneumoniaMNIST_transfer
logistic,auc,0.9415792131667702,0.8745738636363637,0.06700534953040649,4,ssme,heldout,PneumoniaMNIST_transfer
logistic,auprc,0.9578011766255854,0.9046790621533654,0.05312211447222004,4,ssme,heldout,PneumoniaMNIST_transfer
logistic,ece,0.15979519653063695,0.1677466930433057,0.007951496512668743,4,ssme,heldout,PneumoniaMNIST_transfer
random_forest,accuracy,0.8061339437015789,0.8145161290322581,0.008382185330679248,4,ssme,heldout,PneumoniaMNIST_transfer
random_forest,auc,0.9286315162348877,0.8747159090909091,0.05391560714397858,4,ssme,heldout,PneumoniaMNIST_transfer
random_forest,auprc,0.9561546765236929,0.9252760253421904,0.03087865118150246,4,ssme,heldout,PneumoniaMNIST_transfer
random_forest,ece,0.11540705851663745,0.13429465436026938,0.018887595843631935,4,ssme,heldout,PneumoniaMNIST_transfer
mlp,accuracy,0.8405006114346243,0.8467741935483871,0.006273582113762832,4,ssme,heldout,PneumoniaMNIST_transfer
mlp,auc,0.9540768947314153,0.8920454545454545,0.06203144018596085,4,ssme,heldout,PneumoniaMNIST_transfer
mlp,auprc,0.9660191159299858,0.9094655999464837,0.05655351598350211,4,ssme,heldout,PneumoniaMNIST_transfer
mlp,ece,0.13690251564727263,0.15765509491626623,0.0207525792689936,4,ssme,heldout,PneumoniaMNIST_transfer
extra_trees,accuracy,0.7897639341284937,0.8225806451612904,0.03281671103279671,4,ssme,heldout,PneumoniaMNIST_transfer
extra_trees,auc,0.9287533676731877,0.8772727272727273,0.05148064040046041,4,ssme,heldout,PneumoniaMNIST_transfer
extra_trees,auprc,0.9572811879876256,0.9288594406197801,0.02842174736784553,4,ssme,heldout,PneumoniaMNIST_transfer
extra_trees,ece,0.11809154906252284,0.10773612211486601,0.010355426947656829,4,ssme,heldout,PneumoniaMNIST_transfer
hist_gradient_boosting,accuracy,0.8233790174663806,0.8225806451612904,0.000798372305090278,4,ssme,heldout,PneumoniaMNIST_transfer
hist_gradient_boosting,auc,0.9395775299296188,0.9136363636363637,0.025941166293255158,4,ssme,heldout,PneumoniaMNIST_transfer
hist_gradient_boosting,auprc,0.9624509581607913,0.9475798634065656,0.014871094754225656,4,ssme,heldout,PneumoniaMNIST_transfer
hist_gradient_boosting,ece,0.1385141059890252,0.16235249758778017,0.023838391598754977,4,ssme,heldout,PneumoniaMNIST_transfer
logistic,accuracy,0.83,0.8306451612903226,0.00064516129032266,4,labeled_only,heldout,PneumoniaMNIST_transfer
logistic,auc,0.9295922656578394,0.8745738636363637,0.055018402021475676,4,labeled_only,heldout,PneumoniaMNIST_transfer
logistic,auprc,0.9472025545369085,0.9046790621533654,0.04252349238354314,4,labeled_only,heldout,PneumoniaMNIST_transfer
logistic,ece,0.17650027697645254,0.1677466930433057,0.008753583933146847,4,labeled_only,heldout,PneumoniaMNIST_transfer
random_forest,accuracy,0.79,0.8145161290322581,0.024516129032258083,4,labeled_only,heldout,PneumoniaMNIST_transfer
random_forest,auc,0.914249684741488,0.8747159090909091,0.03953377565057892,4,labeled_only,heldout,PneumoniaMNIST_transfer
random_forest,auprc,0.9456542985491307,0.9252760253421904,0.0203782732069403,4,labeled_only,heldout,PneumoniaMNIST_transfer
random_forest,ece,0.11609470849368757,0.13429465436026938,0.018199945866581815,4,labeled_only,heldout,PneumoniaMNIST_transfer
mlp,accuracy,0.85,0.8467741935483871,0.003225806451612856,4,labeled_only,heldout,PneumoniaMNIST_transfer
mlp,auc,0.9487179487179487,0.8920454545454545,0.0566724941724942,4,labeled_only,heldout,PneumoniaMNIST_transfer
mlp,auprc,0.9548183820851938,0.9094655999464837,0.04535278213871008,4,labeled_only,heldout,PneumoniaMNIST_transfer
mlp,ece,0.1522858685308788,0.15765509491626623,0.005369226385387421,4,labeled_only,heldout,PneumoniaMNIST_transfer
extra_trees,accuracy,0.75,0.8225806451612904,0.07258064516129037,4,labeled_only,heldout,PneumoniaMNIST_transfer
extra_trees,auc,0.9218158890290038,0.8772727272727273,0.044543161756276484,4,labeled_only,heldout,PneumoniaMNIST_transfer
extra_trees,auprc,0.9517591322020439,0.9288594406197801,0.022899691582263793,4,labeled_only,heldout,PneumoniaMNIST_transfer
extra_trees,ece,0.12229213640300869,0.10773612211486601,0.014556014288142682,4,labeled_only,heldout,PneumoniaMNIST_transfer
hist_gradient_boosting,accuracy,0.8,0.8225806451612904,0.022580645161290325,4,labeled_only,heldout,PneumoniaMNIST_transfer
hist_gradient_boosting,auc,0.9398907103825136,0.9136363636363637,0.026254346746149904,4,labeled_only,heldout,PneumoniaMNIST_transfer
hist_gradient_boosting,auprc,0.9628797280069623,0.9475798634065656,0.015299864600396673,4,labeled_only,heldout,PneumoniaMNIST_transfer
hist_gradient_boosting,ece,0.1570420609979668,0.16235249758778017,0.0053104365898133665,4,labeled_only,heldout,PneumoniaMNIST_transfer
logistic,accuracy,0.8290489025820074,0.848,0.018951097417992613,4,ssme,estimation_pool,PneumoniaMNIST_transfer
logistic,auc,0.9415792131667702,0.9373344651952462,0.0042447479715239655,4,ssme,estimation_pool,PneumoniaMNIST_transfer
logistic,auprc,0.9578011766255854,0.9501904335218728,0.0076107431037125695,4,ssme,estimation_pool,PneumoniaMNIST_transfer
logistic,ece,0.15979519653063695,0.14351673809564314,0.016278458434993814,4,ssme,estimation_pool,PneumoniaMNIST_transfer
random_forest,accuracy,0.8061339437015789,0.818,0.01186605629842108,4,ssme,estimation_pool,PneumoniaMNIST_transfer
random_forest,auc,0.9286315162348877,0.9374448217317487,0.00881330549686099,4,ssme,estimation_pool,PneumoniaMNIST_transfer
random_forest,auprc,0.9561546765236929,0.9506836573909162,0.0054710191327767,4,ssme,estimation_pool,PneumoniaMNIST_transfer
random_forest,ece,0.11540705851663745,0.11653330294783824,0.0011262444312007958,4,ssme,estimation_pool,PneumoniaMNIST_transfer
mlp,accuracy,0.8405006114346243,0.85,0.009499388565375688,4,ssme,estimation_pool,PneumoniaMNIST_transfer
mlp,auc,0.9540768947314153,0.94383701188455,0.010239882846865278,4,ssme,estimation_pool,PneumoniaMNIST_transfer
mlp,auprc,0.9660191159299858,0.9481146008905376,0.017904515039448232,4,ssme,estimation_pool,PneumoniaMNIST_transfer
mlp,ece,0.13690251564727263,0.12316370393905307,0.013738811708219556,4,ssme,estimation_pool,PneumoniaMNIST_transfer
extra_trees,accuracy,0.7897639341284937,0.802,0.012236065871506385,4,ssme,estimation_pool,PneumoniaMNIST_transfer
extra_trees,auc,0.9287533676731877,0.9382258064516129,0.009472438778425185,4,ssme,estimation_pool,PneumoniaMNIST_transfer
extra_trees,auprc,0.9572811879876256,0.9558219481746437,0.001459239812981905,4,ssme,estimation_pool,PneumoniaMNIST_transfer
extra_trees,ece,0.11809154906252284,0.11835719594570138,0.0002656468831785386,4,ssme,estimation_pool,PneumoniaMNIST_transfer
hist_gradient_boosting,accuracy,0.8233790174663806,0.842,0.018620982533619324,4,ssme,estimation_pool,PneumoniaMNIST_transfer
hist_gradient_boosting,auc,0.9395775299296188,0.9508658743633277,0.011288344433708852,4,ssme,estimation_pool,PneumoniaMNIST_transfer
hist_gradient_boosting,auprc,0.9624509581607913,0.966974746982823,0.004523788822031749,4,ssme,estimation_pool,PneumoniaMNIST_transfer
hist_gradient_boosting,ece,0.1385141059890252,0.13137584449957296,0.007138261489452236,4,ssme,estimation_pool,PneumoniaMNIST_transfer
logistic,accuracy,0.83,0.848,0.018000000000000016,4,labeled_only,estimation_pool,PneumoniaMNIST_transfer
logistic,auc,0.9295922656578394,0.9373344651952462,0.007742199537406846,4,labeled_only,estimation_pool,PneumoniaMNIST_transfer
logistic,auprc,0.9472025545369085,0.9501904335218728,0.0029878789849643317,4,labeled_only,estimation_pool,PneumoniaMNIST_transfer
logistic,ece,0.17650027697645254,0.14351673809564314,0.032983538880809404,4,labeled_only,estimation_pool,PneumoniaMNIST_transfer
random_forest,accuracy,0.79,0.818,0.027999999999999914,4,labeled_only,estimation_pool,PneumoniaMNIST_transfer
random_forest,auc,0.914249684741488,0.9374448217317487,0.023195136990260656,4,labeled_only,estimation_pool,PneumoniaMNIST_transfer
random_forest,auprc,0.9456542985491307,0.9506836573909162,0.0050293588417854584,4,labeled_only,estimation_pool,PneumoniaMNIST_transfer
random_forest,ece,0.11609470849368757,0.11653330294783824,0.0004385944541506759,4,labeled_only,estimation_pool,PneumoniaMNIST_transfer
mlp,accuracy,0.85,0.85,0.0,4,labeled_only,estimation_pool,PneumoniaMNIST_transfer
mlp,auc,0.9487179487179487,0.94383701188455,0.00488093683339863,4,labeled_only,estimation_pool,PneumoniaMNIST_transfer
mlp,auprc,0.9548183820851938,0.9481146008905376,0.0067037811946562,4,labeled_only,estimation_pool,PneumoniaMNIST_transfer
mlp,ece,0.1522858685308788,0.12316370393905307,0.029122164591825733,4,labeled_only,estimation_pool,PneumoniaMNIST_transfer
extra_trees,accuracy,0.75,0.802,0.052000000000000046,4,labeled_only,estimation_pool,PneumoniaMNIST_transfer
extra_trees,auc,0.9218158890290038,0.9382258064516129,0.01640991742260911,4,labeled_only,estimation_pool,PneumoniaMNIST_transfer
extra_trees,auprc,0.9517591322020439,0.9558219481746437,0.004062815972599831,4,labeled_only,estimation_pool,PneumoniaMNIST_transfer
extra_trees,ece,0.12229213640300869,0.11835719594570138,0.003934940457307315,4,labeled_only,estimation_pool,PneumoniaMNIST_transfer
hist_gradient_boosting,accuracy,0.8,0.842,0.041999999999999926,4,labeled_only,estimation_pool,PneumoniaMNIST_transfer
hist_gradient_boosting,auc,0.9398907103825136,0.9508658743633277,0.010975163980814107,4,labeled_only,estimation_pool,PneumoniaMNIST_transfer
hist_gradient_boosting,auprc,0.9628797280069623,0.966974746982823,0.004095018975860731,4,labeled_only,estimation_pool,PneumoniaMNIST_transfer
hist_gradient_boosting,ece,0.1570420609979668,0.13137584449957296,0.025666216498393846,4,labeled_only,estimation_pool,PneumoniaMNIST_transfer
logistic,accuracy,0.8747688913457325,0.8387096774193549,0.036059213926377676,5,ssme,heldout,PneumoniaMNIST_transfer
logistic,auc,0.9499630000178853,0.9113513513513514,0.03861164866653388,5,ssme,heldout,PneumoniaMNIST_transfer
logistic,auprc,0.9637165223096357,0.9234026014566089,0.04031392085302676,5,ssme,heldout,PneumoniaMNIST_transfer
logistic,ece,0.11161526481376584,0.16012158614787103,0.04850632133410519,5,ssme,heldout,PneumoniaMNIST_transfer
random_forest,accuracy,0.8429765576107177,0.7580645161290323,0.08491204148168541,5,ssme,heldout,PneumoniaMNIST_transfer
random_forest,auc,0.9274829876127548,0.8889189189189189,0.038564068693835885,5,ssme,heldout,PneumoniaMNIST_transfer
random_forest,auprc,0.9427648558639881,0.9267082179525252,0.016056637911462834,5,ssme,heldout,PneumoniaMNIST_transfer
random_forest,ece,0.08368959962591122,0.12248410018364608,0.03879450055773487,5,ssme,heldout,PneumoniaMNIST_transfer
mlp,accuracy,0.8816960080371646,0.8145161290322581,0.06717987900490652,5,ssme,heldout,PneumoniaMNIST_transfer
mlp,auc,0.9541891373498175,0.9191891891891892,0.034999948160628236,5,ssme,heldout,PneumoniaMNIST_transfer
mlp,auprc,0.9644632751634553,0.9261325825584446,0.03833069260501076,5,ssme,heldout,PneumoniaMNIST_transfer
mlp,ece,0.09932793848040657,0.15809578184066592,0.05876784336025935,5,ssme,heldout,PneumoniaMNIST_transfer
extra_trees,accuracy,0.8325603842050036,0.7419354838709677,0.09062490033403581,5,ssme,heldout,PneumoniaMNIST_transfer
extra_trees,auc,0.9255645006189936,0.887027027027027,0.03853747359196669,5,ssme,heldout,PneumoniaMNIST_transfer
extra_trees,auprc,0.9499034101883993,0.9295739435259783,0.02032946666242097,5,ssme,heldout,PneumoniaMNIST_transfer
extra_trees,ece,0.09102252496643227,0.11999511409289629,0.028972589126464013,5,ssme,heldout,PneumoniaMNIST_transfer
hist_gradient_boosting,accuracy,0.8642738910391075,0.7903225806451613,0.0739513103939462,5,ssme,heldout,PneumoniaMNIST_transfer
hist_gradient_boosting,auc,0.9417641283484076,0.924054054054054,0.01771007429435356,5,ssme,heldout,PneumoniaMNIST_transfer
hist_gradient_boosting,auprc,0.9592064142694983,0.9521716530302411,0.00703476123925717,5,ssme,heldout,PneumoniaMNIST_transfer
hist_gradient_boosting,ece,0.10470947807635556,0.17148454136346863,0.06677506328711308,5,ssme,heldout,PneumoniaMNIST_transfer
logistic,accuracy,0.91,0.8387096774193549,0.07129032258064516,5,labeled_only,heldout,PneumoniaMNIST_transfer
logistic,auc,0.9582417582417583,0.9113513513513514,0.04689040689040691,5,labeled_only,heldout,PneumoniaMNIST_transfer
logistic,auprc,0.9658659282488735,0.9234026014566089,0.04246332679226461,5,labeled_only,heldout,PneumoniaMNIST_transfer
logistic,ece,0.09862434175307752,0.16012158614787103,0.06149724439479351,5,labeled_only,heldout,PneumoniaMNIST_transfer
random_forest,accuracy,0.86,0.7580645161290323,0.10193548387096774,5,labeled_only,heldout,PneumoniaMNIST_transfer
random_forest,auc,0.9549450549450549,0.8889189189189189,0.06602613602613594,5,labeled_only,heldout,PneumoniaMNIST_transfer
random_forest,auprc,0.9434411356740687,0.9267082179525252,0.016732917721543505,5,labeled_only,heldout,PneumoniaMNIST_transfer
random_forest,ece,0.10547647644604104,0.12248410018364608,0.017007623737605046,5,labeled_only,heldout,PneumoniaMNIST_transfer
mlp,accuracy,0.91,0.8145161290322581,0.09548387096774191,5,labeled_only,heldout,PneumoniaMNIST_transfer
mlp,auc,0.9485714285714286,0.9191891891891892,0.029382239382239383,5,labeled_only,heldout,PneumoniaMNIST_transfer
mlp,auprc,0.9489707493568675,0.9261325825584446,0.022838166798422987,5,labeled_only,heldout,PneumoniaMNIST_transfer
mlp,ece,0.07814000228871247,0.15809578184066592,0.07995577955195345,5,labeled_only,heldout,PneumoniaMNIST_transfer
extra_trees,accuracy,0.86,0.7419354838709677,0.11806451612903224,5,labeled_only,heldout,PneumoniaMNIST_transfer
extra_trees,auc,0.956923076923077,0.887027027027027,0.06989604989605003,5,labeled_only,heldout,PneumoniaMNIST_transfer
extra_trees,auprc,0.9600818538236334,0.9295739435259783,0.030507910297655094,5,labeled_only,heldout,PneumoniaMNIST_transfer
extra_trees,ece,0.14077628833499817,0.11999511409289629,0.02078117424210188,5,labeled_only,heldout,PneumoniaMNIST_transfer
hist_gradient_boosting,accuracy,0.9,0.7903225806451613,0.10967741935483877,5,labeled_only,heldout,PneumoniaMNIST_transfer
hist_gradient_boosting,auc,0.963956043956044,0.924054054054054,0.0399019899019899,5,labeled_only,heldout,PneumoniaMNIST_transfer
hist_gradient_boosting,auprc,0.9666783351243005,0.9521716530302411,0.014506682094059364,5,labeled_only,heldout,PneumoniaMNIST_transfer
hist_gradient_boosting,ece,0.10863904261066076,0.17148454136346863,0.06284549875280787,5,labeled_only,heldout,PneumoniaMNIST_transfer
logistic,accuracy,0.8747688913457325,0.846,0.028768891345732572,5,ssme,estimation_pool,PneumoniaMNIST_transfer
logistic,auc,0.9499630000178853,0.9320308200330214,0.01793217998486385,5,ssme,estimation_pool,PneumoniaMNIST_transfer
logistic,auprc,0.9637165223096357,0.9463565297580849,0.01735999255155074,5,ssme,estimation_pool,PneumoniaMNIST_transfer
logistic,ece,0.11161526481376584,0.14689408118892744,0.0352788163751616,5,ssme,estimation_pool,PneumoniaMNIST_transfer
random_forest,accuracy,0.8429765576107177,0.832,0.010976557610717697,5,ssme,estimation_pool,PneumoniaMNIST_transfer
random_forest,auc,0.9274829876127548,0.9372592184920198,0.009776230879264936,5,ssme,estimation_pool,PneumoniaMNIST_transfer
random_forest,auprc,0.9427648558639881,0.950934414652762,0.0081695587887739,5,ssme,estimation_pool,PneumoniaMNIST_transfer
random_forest,ece,0.08368959962591122,0.11392412863524483,0.030234529009333613,5,ssme,estimation_pool,PneumoniaMNIST_transfer
mlp,accuracy,0.8816960080371646,0.858,0.02369600803716465,5,ssme,estimation_pool,PneumoniaMNIST_transfer
mlp,auc,0.9541891373498175,0.9417996697853604,0.012389467564457024,5,ssme,estimation_pool,PneumoniaMNIST_transfer
mlp,auprc,0.9644632751634553,0.9455350867958169,0.018928188367638432,5,ssme,estimation_pool,PneumoniaMNIST_transfer
mlp,ece,0.09932793848040657,0.1255765383271126,0.026248599846706036,5,ssme,estimation_pool,PneumoniaMNIST_transfer
extra_trees,accuracy,0.8325603842050036,0.822,0.010560384205003603,5,ssme,estimation_pool,PneumoniaMNIST_transfer
extra_trees,auc,0.9255645006189936,0.9370614336818932,0.011496933062899561,5,ssme,estimation_pool,PneumoniaMNIST_transfer
extra_trees,auprc,0.9499034101883993,0.9556269383133156,0.005723528124916277,5,ssme,estimation_pool,PneumoniaMNIST_transfer
extra_trees,ece,0.09102252496643227,0.11110602455075641,0.020083499584324135,5,ssme,estimation_pool,PneumoniaMNIST_transfer
hist_gradient_boosting,accuracy,0.8642738910391075,0.85,0.014273891039107478,5,ssme,estimation_pool,PneumoniaMNIST_transfer
hist_gradient_boosting,auc,0.9417641283484076,0.950536598789213,0.008772470440805424,5,ssme,estimation_pool,PneumoniaMNIST_transfer
hist_gradient_boosting,auprc,0.9592064142694983,0.9666277887653575,0.007421374495859223,5,ssme,estimation_pool,PneumoniaMNIST_transfer
hist_gradient_boosting,ece,0.10470947807635556,0.13605690779758,0.03134742972122445,5,ssme,estimation_pool,PneumoniaMNIST_transfer
logistic,accuracy,0.91,0.846,0.06400000000000006,5,labeled_only,estimation_pool,PneumoniaMNIST_transfer
logistic,auc,0.9582417582417583,0.9320308200330214,0.026210938208736878,5,labeled_only,estimation_pool,PneumoniaMNIST_transfer
logistic,auprc,0.9658659282488735,0.9463565297580849,0.019509398490788588,5,labeled_only,estimation_pool,PneumoniaMNIST_transfer
logistic,ece,0.09862434175307752,0.14689408118892744,0.04826973943584992,5,labeled_only,estimation_pool,PneumoniaMNIST_transfer
random_forest,accuracy,0.86,0.832,0.028000000000000025,5,labeled_only,estimation_pool,PneumoniaMNIST_transfer
random_forest,auc,0.9549450549450549,0.9372592184920198,0.01768583645303512,5,labeled_only,estimation_pool,PneumoniaMNIST_transfer
random_forest,auprc,0.9434411356740687,0.950934414652762,0.00749327897869323,5,labeled_only,estimation_pool,PneumoniaMNIST_transfer
random_forest,ece,0.10547647644604104,0.11392412863524483,0.008447652189203791,5,labeled_only,estimation_pool,PneumoniaMNIST_transfer
mlp,accuracy,0.91,0.858,0.052000000000000046,5,labeled_only,estimation_pool,PneumoniaMNIST_transfer
mlp,auc,0.9485714285714286,0.9417996697853604,0.006771758786068172,5,labeled_only,estimation_pool,PneumoniaMNIST_transfer
mlp,auprc,0.9489707493568675,0.9455350867958169,0.0034356625610506564,5,labeled_only,estimation_pool,PneumoniaMNIST_transfer
mlp,ece,0.07814000228871247,0.1255765383271126,0.04743653603840013,5,labeled_only,estimation_pool,PneumoniaMNIST_transfer
extra_trees,accuracy,0.86,0.822,0.038000000000000034,5,labeled_only,estimation_pool,PneumoniaMNIST_transfer
extra_trees,auc,0.956923076923077,0.9370614336818932,0.01986164324118378,5,labeled_only,estimation_pool,PneumoniaMNIST_transfer
extra_trees,auprc,0.9600818538236334,0.9556269383133156,0.004454915510317847,5,labeled_only,estimation_pool,PneumoniaMNIST_transfer
extra_trees,ece,0.14077628833499817,0.11110602455075641,0.029670263784241757,5,labeled_only,estimation_pool,PneumoniaMNIST_transfer
hist_gradient_boosting,accuracy,0.9,0.85,0.050000000000000044,5,labeled_only,estimation_pool,PneumoniaMNIST_transfer
hist_gradient_boosting,auc,0.963956043956044,0.950536598789213,0.013419445166830912,5,labeled_only,estimation_pool,PneumoniaMNIST_transfer
hist_gradient_boosting,auprc,0.9666783351243005,0.9666277887653575,5.0546358942971104e-05,5,labeled_only,estimation_pool,PneumoniaMNIST_transfer
hist_gradient_boosting,ece,0.10863904261066076,0.13605690779758,0.027417865186919244,5,labeled_only,estimation_pool,PneumoniaMNIST_transfer
logistic,accuracy,0.8643928402199323,0.8467741935483871,0.017618646671545224,6,ssme,heldout,PneumoniaMNIST_transfer
logistic,auc,0.9539265036964819,0.9235197368421053,0.0304067668543766,6,ssme,heldout,PneumoniaMNIST_transfer
logistic,auprc,0.9646910447405918,0.9242863332806631,0.04040471145992863,6,ssme,heldout,PneumoniaMNIST_transfer
logistic,ece,0.1280355212235824,0.1397688896273976,0.011733368403815225,6,ssme,heldout,PneumoniaMNIST_transfer
random_forest,accuracy,0.8267077438928881,0.8387096774193549,0.012001933526466724,6,ssme,heldout,PneumoniaMNIST_transfer
random_forest,auc,0.9344173710271435,0.9564144736842106,0.021997102657067114,6,ssme,heldout,PneumoniaMNIST_transfer
random_forest,auprc,0.953302881887334,0.9679740192977686,0.014671137410434576,6,ssme,heldout,PneumoniaMNIST_transfer
random_forest,ece,0.10682796974015053,0.12930387851422806,0.022475908774077527,6,ssme,heldout,PneumoniaMNIST_transfer
mlp,accuracy,0.8741151918548206,0.8709677419354839,0.0031474499193366867,6,ssme,heldout,PneumoniaMNIST_transfer
mlp,auc,0.9666807827104142,0.9342105263157895,0.03247025639462475,6,ssme,heldout,PneumoniaMNIST_transfer
mlp,auprc,0.9738308436679733,0.9290192523225578,0.04481159134541557,6,ssme,heldout,PneumoniaMNIST_transfer
mlp,ece,0.11553332525379596,0.12312886040955717,0.00759553515576121,6,ssme,heldout,PneumoniaMNIST_transfer
extra_trees,accuracy,0.8224571512936795,0.8064516129032258,0.01600553839045371,6,ssme,heldout,PneumoniaMNIST_transfer
extra_trees,auc,0.9305582515005232,0.9536732456140351,0.023114994113511922,6,ssme,heldout,PneumoniaMNIST_transfer
extra_trees,auprc,0.9536799604514579,0.9691896443219226,0.015509683870464697,6,ssme,heldout,PneumoniaMNIST_transfer
extra_trees,ece,0.10637596780805472,0.13561648378682237,0.029240515978767645,6,ssme,heldout,PneumoniaMNIST_transfer
hist_gradient_boosting,accuracy,0.8572447124796528,0.8306451612903226,0.026599551189330217,6,ssme,heldout,PneumoniaMNIST_transfer
hist_gradient_boosting,auc,0.9521055063026942,0.9575109649122807,0.005405458609586522,6,ssme,heldout,PneumoniaMNIST_transfer
hist_gradient_boosting,auprc,0.9667817460416395,0.9680867630312222,0.0013050169895827413,6,ssme,heldout,PneumoniaMNIST_transfer
hist_gradient_boosting,ece,0.12736259108659573,0.15004885781925137,0.02268626673265564,6,ssme,heldout,PneumoniaMNIST_transfer
logistic,accuracy,0.85,0.8467741935483871,0.003225806451612856,6,labeled_only,heldout,PneumoniaMNIST_transfer
logistic,auc,0.9434046345811051,0.9235197368421053,0.01988489773899982,6,labeled_only,heldout,PneumoniaMNIST_transfer
logistic,auprc,0.9687991807434932,0.9242863332806631,0.04451284746283013,6,labeled_only,heldout,PneumoniaMNIST_transfer
logistic,ece,0.13122137459435984,0.1397688896273976,0.008547515033037772,6,labeled_only,heldout,PneumoniaMNIST_transfer
random_forest,accuracy,0.84,0.8387096774193549,0.001290322580645098,6,labeled_only,heldout,PneumoniaMNIST_transfer
random_forest,auc,0.9220142602495544,0.9564144736842106,0.03440021343465627,6,labeled_only,heldout,PneumoniaMNIST_transfer
random_forest,auprc,0.9422791914010376,0.9679740192977686,0.025694827896731054,6,labeled_only,heldout,PneumoniaMNIST_transfer
random_forest,ece,0.10266706795376099,0.12930387851422806,0.026636810560467072,6,labeled_only,heldout,PneumoniaMNIST_transfer
mlp,accuracy,0.87,0.8709677419354839,0.000967741935483879,6,labeled_only,heldout,PneumoniaMNIST_transfer
mlp,auc,0.9665775401069518,0.9342105263157895,0.03236701379116236,6,labeled_only,heldout,PneumoniaMNIST_transfer
mlp,auprc,0.9808964950845108,0.9290192523225578,0.051877242761953046,6,labeled_only,heldout,PneumoniaMNIST_transfer
mlp,ece,0.1255195013082488,0.12312886040955717,0.0023906408986916206,6,labeled_only,heldout,PneumoniaMNIST_transfer
extra_trees,accuracy,0.83,0.8064516129032258,0.023548387096774204,6,labeled_only,heldout,PneumoniaMNIST_transfer
extra_trees,auc,0.9197860962566845,0.9536732456140351,0.0338871493573506,6,labeled_only,heldout,PneumoniaMNIST_transfer
extra_trees,auprc,0.9483922303270602,0.9691896443219226,0.020797413994862346,6,labeled_only,heldout,PneumoniaMNIST_transfer
extra_trees,ece,0.0938131340881341,0.13561648378682237,0.041803349698688264,6,labeled_only,heldout,PneumoniaMNIST_transfer
hist_gradient_boosting,accuracy,0.86,0.8306451612903226,0.029354838709677367,6,labeled_only,heldout,PneumoniaMNIST_transfer
hist_gradient_boosting,auc,0.9607843137254901,0.9575109649122807,0.003273348813209398,6,labeled_only,heldout,PneumoniaMNIST_transfer
hist_gradient_boosting,auprc,0.9778170468651353,0.9680867630312222,0.009730283833913056,6,labeled_only,heldout,PneumoniaMNIST_transfer
hist_gradient_boosting,ece,0.14297703746337825,0.15004885781925137,0.007071820355873115,6,labeled_only,heldout,PneumoniaMNIST_transfer
logistic,accuracy,0.8643928402199323,0.844,0.020392840219932373,6,ssme,estimation_pool,PneumoniaMNIST_transfer
logistic,auc,0.9539265036964819,0.9264433942880625,0.02748310940841936,6,ssme,estimation_pool,PneumoniaMNIST_transfer
logistic,auprc,0.9646910447405918,0.9448017467960046,0.01988929794458716,6,ssme,estimation_pool,PneumoniaMNIST_transfer
logistic,ece,0.1280355212235824,0.14998451889263792,0.02194899766905553,6,ssme,estimation_pool,PneumoniaMNIST_transfer
random_forest,accuracy,0.8267077438928881,0.812,0.014707743892888092,6,ssme,estimation_pool,PneumoniaMNIST_transfer
random_forest,auc,0.9344173710271435,0.9208102184781864,0.013607152548957058,6,ssme,estimation_pool,PneumoniaMNIST_transfer
random_forest,auprc,0.953302881887334,0.9408247843714461,0.01247809751588791,6,ssme,estimation_pool,PneumoniaMNIST_transfer
random_forest,ece,0.10682796974015053,0.11223282360926047,0.005404853869109938,6,ssme,estimation_pool,PneumoniaMNIST_transfer
mlp,accuracy,0.8741151918548206,0.844,0.03011519185482059,6,ssme,estimation_pool,PneumoniaMNIST_transfer
mlp,auc,0.9666807827104142,0.9366481747825491,0.030032607927865107,6,ssme,estimation_pool,PneumoniaMNIST_transfer
mlp,auprc,0.9738308436679733,0.9443292016848482,0.029501641983125104,6,ssme,estimation_pool,PneumoniaMNIST_transfer
mlp,ece,0.11553332525379596,0.13192810200473087,0.01639477675093491,6,ssme,estimation_pool,PneumoniaMNIST_transfer
extra_trees,accuracy,0.8224571512936795,0.806,0.016457151293679417,6,ssme,estimation_pool,PneumoniaMNIST_transfer
extra_trees,auc,0.9305582515005232,0.9207160468461065,0.009842204654416653,6,ssme,estimation_pool,PneumoniaMNIST_transfer
extra_trees,auprc,0.9536799604514579,0.945647875581556,0.008032084869901812,6,ssme,estimation_pool,PneumoniaMNIST_transfer
extra_trees,ece,0.10637596780805472,0.10886152991740289,0.002485562109348166,6,ssme,estimation_pool,PneumoniaMNIST_transfer
hist_gradient_boosting,accuracy,0.8572447124796528,0.84,0.01724471247965287,6,ssme,estimation_pool,PneumoniaMNIST_transfer
hist_gradient_boosting,auc,0.9521055063026942,0.9415279775357852,0.010577528766908983,6,ssme,estimation_pool,PneumoniaMNIST_transfer
hist_gradient_boosting,auprc,0.9667817460416395,0.9621459521815077,0.004635793860131798,6,ssme,estimation_pool,PneumoniaMNIST_transfer
hist_gradient_boosting,ece,0.12736259108659573,0.13357150411275617,0.006208913026160445,6,ssme,estimation_pool,PneumoniaMNIST_transfer
logistic,accuracy,0.85,0.844,0.006000000000000005,6,labeled_only,estimation_pool,PneumoniaMNIST_transfer
logistic,auc,0.9434046345811051,0.9264433942880625,0.01696124029304258,6,labeled_only,estimation_pool,PneumoniaMNIST_transfer
logistic,auprc,0.9687991807434932,0.9448017467960046,0.023997433947488656,6,labeled_only,estimation_pool,PneumoniaMNIST_transfer
logistic,ece,0.13122137459435984,0.14998451889263792,0.01876314429827808,6,labeled_only,estimation_pool,PneumoniaMNIST_transfer
random_forest,accuracy,0.84,0.812,0.027999999999999914,6,labeled_only,estimation_pool,PneumoniaMNIST_transfer
random_forest,auc,0.9220142602495544,0.9208102184781864,0.001204041771367903,6,labeled_only,estimation_pool,PneumoniaMNIST_transfer
random_forest,auprc,0.9422791914010376,0.9408247843714461,0.0014544070295914313,6,labeled_only,estimation_pool,PneumoniaMNIST_transfer
random_forest,ece,0.10266706795376099,0.11223282360926047,0.009565755655499483,6,labeled_only,estimation_pool,PneumoniaMNIST_transfer
mlp,accuracy,0.87,0.844,0.026000000000000023,6,labeled_only,estimation_pool,PneumoniaMNIST_transfer
mlp,auc,0.9665775401069518,0.9366481747825491,0.029929365324402712,6,labeled_only,estimation_pool,PneumoniaMNIST_transfer
mlp,auprc,0.9808964950845108,0.9443292016848482,0.03656729339966258,6,labeled_only,estimation_pool,PneumoniaMNIST_transfer
mlp,ece,0.1255195013082488,0.13192810200473087,0.006408600696482081,6,labeled_only,estimation_pool,PneumoniaMNIST_transfer
extra_trees,accuracy,0.83,0.806,0.02399999999999991,6,labeled_only,estimation_pool,PneumoniaMNIST_transfer
extra_trees,auc,0.9197860962566845,0.9207160468461065,0.0009299505894220239,6,labeled_only,estimation_pool,PneumoniaMNIST_transfer
extra_trees,auprc,0.9483922303270602,0.945647875581556,0.002744354745504163,6,labeled_only,estimation_pool,PneumoniaMNIST_transfer
extra_trees,ece,0.0938131340881341,0.10886152991740289,0.015048395829268785,6,labeled_only,estimation_pool,PneumoniaMNIST_transfer
hist_gradient_boosting,accuracy,0.86,0.84,0.020000000000000018,6,labeled_only,estimation_pool,PneumoniaMNIST_transfer
hist_gradient_boosting,auc,0.9607843137254901,0.9415279775357852,0.019256336189704903,6,labeled_only,estimation_pool,PneumoniaMNIST_transfer
hist_gradient_boosting,auprc,0.9778170468651353,0.9621459521815077,0.015671094683627596,6,labeled_only,estimation_pool,PneumoniaMNIST_transfer
hist_gradient_boosting,ece,0.14297703746337825,0.13357150411275617,0.00940553335062208,6,labeled_only,estimation_pool,PneumoniaMNIST_transfer
logistic,accuracy,0.8763896426029364,0.8467741935483871,0.02961544905454927,7,ssme,heldout,PneumoniaMNIST_transfer
logistic,auc,0.9143847213805492,0.9131972789115647,0.001187442468984501,7,ssme,heldout,PneumoniaMNIST_transfer
logistic,auprc,0.9348467283125871,0.9163746482272344,0.018472080085352727,7,ssme,heldout,PneumoniaMNIST_transfer
logistic,ece,0.10804460809752525,0.15393819842558298,0.04589359032805773,7,ssme,heldout,PneumoniaMNIST_transfer
random_forest,accuracy,0.8163191276689477,0.8225806451612904,0.006261517492342716,7,ssme,heldout,PneumoniaMNIST_transfer
random_forest,auc,0.8914844967974608,0.9414965986394559,0.050012101841995116,7,ssme,heldout,PneumoniaMNIST_transfer
random_forest,auprc,0.9299485456035864,0.9628687202677018,0.03292017466411534,7,ssme,heldout,PneumoniaMNIST_transfer
random_forest,ece,0.0831787442432726,0.11467674934008432,0.03149800509681172,7,ssme,heldout,PneumoniaMNIST_transfer
mlp,accuracy,0.8708837553054702,0.8629032258064516,0.007980529499018618,7,ssme,heldout,PneumoniaMNIST_transfer
mlp,auc,0.9263268740162238,0.9197278911564626,0.006598982859761238,7,ssme,heldout,PneumoniaMNIST_transfer
mlp,auprc,0.9445863340506422,0.9069640192620645,0.03762231478857769,7,ssme,heldout,PneumoniaMNIST_transfer
mlp,ece,0.10273370952597255,0.13787283780363063,0.03513912827765808,7,ssme,heldout,PneumoniaMNIST_transfer
extra_trees,accuracy,0.807070200124198,0.8145161290322581,0.007445928908060173,7,ssme,heldout,PneumoniaMNIST_transfer
extra_trees,auc,0.8870632080965727,0.9382312925170069,0.05116808442043419,7,ssme,heldout,PneumoniaMNIST_transfer
extra_trees,auprc,0.9290378528514225,0.9598553284861139,0.030817475634691394,7,ssme,heldout,PneumoniaMNIST_transfer
extra_trees,ece,0.08268829980680109,0.1101198905122919,0.02743159070549081,7,ssme,heldout,PneumoniaMNIST_transfer
hist_gradient_boosting,accuracy,0.8464559341785532,0.8387096774193549,0.007746256759198378,7,ssme,heldout,PneumoniaMNIST_transfer
hist_gradient_boosting,auc,0.9072935845280354,0.9551020408163265,0.04780845628829111,7,ssme,heldout,PneumoniaMNIST_transfer
hist_gradient_boosting,auprc,0.9381434012190023,0.9712934793958379,0.03315007817683557,7,ssme,heldout,PneumoniaMNIST_transfer
hist_gradient_boosting,ece,0.10849732200299533,0.14025715841498276,0.03175983641198743,7,ssme,heldout,PneumoniaMNIST_transfer
logistic,accuracy,0.87,0.8467741935483871,0.023225806451612874,7,labeled_only,heldout,PneumoniaMNIST_transfer
logistic,auc,0.9166666666666667,0.9131972789115647,0.0034693877551020824,7,labeled_only,heldout,PneumoniaMNIST_transfer
logistic,auprc,0.9290953762570942,0.9163746482272344,0.012720728029859796,7,labeled_only,heldout,PneumoniaMNIST_transfer
logistic,ece,0.13109322479825145,0.15393819842558298,0.02284497362733154,7,labeled_only,heldout,PneumoniaMNIST_transfer
random_forest,accuracy,0.84,0.8225806451612904,0.0174193548387096,7,labeled_only,heldout,PneumoniaMNIST_transfer
random_forest,auc,0.9120833333333334,0.9414965986394559,0.029413265306122538,7,labeled_only,heldout,PneumoniaMNIST_transfer
random_forest,auprc,0.9259597082700004,0.9628687202677018,0.03690901199770136,7,labeled_only,heldout,PneumoniaMNIST_transfer
random_forest,ece,0.12733537482565246,0.11467674934008432,0.012658625485568148,7,labeled_only,heldout,PneumoniaMNIST_transfer
mlp,accuracy,0.86,0.8629032258064516,0.002903225806451637,7,labeled_only,heldout,PneumoniaMNIST_transfer
mlp,auc,0.9414583333333333,0.9197278911564626,0.0217304421768707,7,labeled_only,heldout,PneumoniaMNIST_transfer
mlp,auprc,0.9499522318435956,0.9069640192620645,0.04298821258153107,7,labeled_only,heldout,PneumoniaMNIST_transfer
mlp,ece,0.11515321453391905,0.13787283780363063,0.02271962326971158,7,labeled_only,heldout,PneumoniaMNIST_transfer
extra_trees,accuracy,0.82,0.8145161290322581,0.005483870967741833,7,labeled_only,heldout,PneumoniaMNIST_transfer
extra_trees,auc,0.90875,0.9382312925170069,0.02948129251700693,7,labeled_only,heldout,PneumoniaMNIST_transfer
extra_trees,auprc,0.9286768239134189,0.9598553284861139,0.031178504572695,7,labeled_only,heldout,PneumoniaMNIST_transfer
extra_trees,ece,0.1118937935475636,0.1101198905122919,0.0017739030352716956,7,labeled_only,heldout,PneumoniaMNIST_transfer
hist_gradient_boosting,accuracy,0.88,0.8387096774193549,0.041290322580645133,7,labeled_only,heldout,PneumoniaMNIST_transfer
hist_gradient_boosting,auc,0.9279166666666666,0.9551020408163265,0.027185374149659935,7,labeled_only,heldout,PneumoniaMNIST_transfer
hist_gradient_boosting,auprc,0.9448682248909092,0.9712934793958379,0.02642525450492872,7,labeled_only,heldout,PneumoniaMNIST_transfer
hist_gradient_boosting,ece,0.11527084324339769,0.14025715841498276,0.024986315171585075,7,labeled_only,heldout,PneumoniaMNIST_transfer
logistic,accuracy,0.8763896426029364,0.844,0.03238964260293642,7,ssme,estimation_pool,PneumoniaMNIST_transfer
logistic,auc,0.9143847213805492,0.9297039897039896,0.015319268323440438,7,ssme,estimation_pool,PneumoniaMNIST_transfer
logistic,auprc,0.9348467283125871,0.9471766034672484,0.01232987515466133,7,ssme,estimation_pool,PneumoniaMNIST_transfer
logistic,ece,0.10804460809752525,0.1470302023012286,0.038985594203703344,7,ssme,estimation_pool,PneumoniaMNIST_transfer
random_forest,accuracy,0.8163191276689477,0.816,0.00031912766894770517,7,ssme,estimation_pool,PneumoniaMNIST_transfer
random_forest,auc,0.8914844967974608,0.9235521235521235,0.03206762675466268,7,ssme,estimation_pool,PneumoniaMNIST_transfer
random_forest,auprc,0.9299485456035864,0.9402642037527217,0.010315658149135265,7,ssme,estimation_pool,PneumoniaMNIST_transfer
random_forest,ece,0.0831787442432726,0.11633403223468007,0.033155287991407476,7,ssme,estimation_pool,PneumoniaMNIST_transfer
mlp,accuracy,0.8708837553054702,0.846,0.024883755305470268,7,ssme,estimation_pool,PneumoniaMNIST_transfer
mlp,auc,0.9263268740162238,0.9405233805233806,0.014196506507156759,7,ssme,estimation_pool,PneumoniaMNIST_transfer
mlp,auprc,0.9445863340506422,0.9498017708180653,0.005215436767423087,7,ssme,estimation_pool,PneumoniaMNIST_transfer
mlp,ece,0.10273370952597255,0.12823620257346266,0.02550249304749011,7,ssme,estimation_pool,PneumoniaMNIST_transfer
extra_trees,accuracy,0.807070200124198,0.804,0.003070200124197897,7,ssme,estimation_pool,PneumoniaMNIST_transfer
extra_trees,auc,0.8870632080965727,0.9239210639210638,0.03685785582449108,7,ssme,estimation_pool,PneumoniaMNIST_transfer
extra_trees,auprc,0.9290378528514225,0.9468458818081574,0.017808028956734945,7,ssme,estimation_pool,PneumoniaMNIST_transfer
extra_trees,ece,0.08268829980680109,0.11388298658528409,0.031194686778483,7,ssme,estimation_pool,PneumoniaMNIST_transfer
hist_gradient_boosting,accuracy,0.8464559341785532,0.838,0.008455934178553282,7,ssme,estimation_pool,PneumoniaMNIST_transfer
hist_gradient_boosting,auc,0.9072935845280354,0.9428743028743028,0.035580718346267415,7,ssme,estimation_pool,PneumoniaMNIST_transfer
hist_gradient_boosting,auprc,0.9381434012190023,0.9617826602317606,0.023639259012758318,7,ssme,estimation_pool,PneumoniaMNIST_transfer
hist_gradient_boosting,ece,0.10849732200299533,0.1380935198961762,0.029596197893180853,7,ssme,estimation_pool,PneumoniaMNIST_transfer
logistic,accuracy,0.87,0.844,0.026000000000000023,7,labeled_only,estimation_pool,PneumoniaMNIST_transfer
logistic,auc,0.9166666666666667,0.9297039897039896,0.013037323037322857,7,labeled_only,estimation_pool,PneumoniaMNIST_transfer
logistic,auprc,0.9290953762570942,0.9471766034672484,0.01808122721015426,7,labeled_only,estimation_pool,PneumoniaMNIST_transfer
logistic,ece,0.13109322479825145,0.1470302023012286,0.01593697750297715,7,labeled_only,estimation_pool,PneumoniaMNIST_transfer
random_forest,accuracy,0.84,0.816,0.02400000000000002,7,labeled_only,estimation_pool,PneumoniaMNIST_transfer
random_forest,auc,0.9120833333333334,0.9235521235521235,0.011468790218790104,7,labeled_only,estimation_pool,PneumoniaMNIST_transfer
random_forest,auprc,0.9259597082700004,0.9402642037527217,0.01430449548272128,7,labeled_only,estimation_pool,PneumoniaMNIST_transfer
random_forest,ece,0.12733537482565246,0.11633403223468007,0.011001342590972393,7,labeled_only,estimation_pool,PneumoniaMNIST_transfer
mlp,accuracy,0.86,0.846,0.014000000000000012,7,labeled_only,estimation_pool,PneumoniaMNIST_transfer
mlp,auc,0.9414583333333333,0.9405233805233806,0.0009349528099527049,7,labeled_only,estimation_pool,PneumoniaMNIST_transfer
mlp,auprc,0.9499522318435956,0.9498017708180653,0.00015046102553029073,7,labeled_only,estimation_pool,PneumoniaMNIST_transfer
mlp,ece,0.11515321453391905,0.12823620257346266,0.013082988039543608,7,labeled_only,estimation_pool,PneumoniaMNIST_transfer
extra_trees,accuracy,0.82,0.804,0.015999999999999903,7,labeled_only,estimation_pool,PneumoniaMNIST_transfer
extra_trees,auc,0.90875,0.9239210639210638,0.015171063921063821,7,labeled_only,estimation_pool,PneumoniaMNIST_transfer
extra_trees,auprc,0.9286768239134189,0.9468458818081574,0.01816905789473855,7,labeled_only,estimation_pool,PneumoniaMNIST_transfer
extra_trees,ece,0.1118937935475636,0.11388298658528409,0.0019891930377204936,7,labeled_only,estimation_pool,PneumoniaMNIST_transfer
hist_gradient_boosting,accuracy,0.88,0.838,0.04200000000000004,7,labeled_only,estimation_pool,PneumoniaMNIST_transfer
hist_gradient_boosting,auc,0.9279166666666666,0.9428743028743028,0.014957636207636238,7,labeled_only,estimation_pool,PneumoniaMNIST_transfer
hist_gradient_boosting,auprc,0.9448682248909092,0.9617826602317606,0.016914435340851464,7,labeled_only,estimation_pool,PneumoniaMNIST_transfer
hist_gradient_boosting,ece,0.11527084324339769,0.1380935198961762,0.022822676652778498,7,labeled_only,estimation_pool,PneumoniaMNIST_transfer
logistic,accuracy,0.8463562211515625,0.8225806451612904,0.023775575990272135,8,ssme,heldout,PneumoniaMNIST_transfer
logistic,auc,0.8867124879691094,0.9234949832775919,0.03678249530848254,8,ssme,heldout,PneumoniaMNIST_transfer
logistic,auprc,0.8966844645096024,0.9462931434680377,0.04960867895843535,8,ssme,heldout,PneumoniaMNIST_transfer
logistic,ece,0.13957602574206787,0.1709932055492452,0.031417179807177315,8,ssme,heldout,PneumoniaMNIST_transfer
random_forest,accuracy,0.806480416338255,0.8064516129032258,2.880343502920102e-05,8,ssme,heldout,PneumoniaMNIST_transfer
random_forest,auc,0.8799192841379895,0.9420289855072463,0.062109701369256864,8,ssme,heldout,PneumoniaMNIST_transfer
random_forest,auprc,0.9087003150143796,0.9654043265386134,0.056704011524233766,8,ssme,heldout,PneumoniaMNIST_transfer
random_forest,ece,0.10742271444307963,0.13044762934592674,0.02302491490284711,8,ssme,heldout,PneumoniaMNIST_transfer
mlp,accuracy,0.8455086028406731,0.8387096774193549,0.006798925421318214,8,ssme,heldout,PneumoniaMNIST_transfer
mlp,auc,0.8983976755602834,0.9254459308807135,0.027048255320430092,8,ssme,heldout,PneumoniaMNIST_transfer
mlp,auprc,0.9067942019300509,0.9280595573013788,0.0212653553713279,8,ssme,heldout,PneumoniaMNIST_transfer
mlp,ece,0.13385734950563888,0.1375065786817212,0.0036492291760823192,8,ssme,heldout,PneumoniaMNIST_transfer
extra_trees,accuracy,0.8004610788367436,0.7903225806451613,0.010138498191582301,8,ssme,heldout,PneumoniaMNIST_transfer
extra_trees,auc,0.8759748264783276,0.9378483835005574,0.06187355702222985,8,ssme,heldout,PneumoniaMNIST_transfer
extra_trees,auprc,0.9080714240016521,0.9642619585860963,0.05619053458444423,8,ssme,heldout,PneumoniaMNIST_transfer
extra_trees,ece,0.1061093357967718,0.14318992555610116,0.03708058975932936,8,ssme,heldout,PneumoniaMNIST_transfer
hist_gradient_boosting,accuracy,0.8310776331412701,0.8548387096774194,0.023761076536149228,8,ssme,heldout,PneumoniaMNIST_transfer
hist_gradient_boosting,auc,0.8955704866581313,0.9545707915273134,0.05900030486918206,8,ssme,heldout,PneumoniaMNIST_transfer
hist_gradient_boosting,auprc,0.9180086678075594,0.9716494103639512,0.05364074255639184,8,ssme,heldout,PneumoniaMNIST_transfer
hist_gradient_boosting,ece,0.13151743188895051,0.15647076961865047,0.02495333772969996,8,ssme,heldout,PneumoniaMNIST_transfer
logistic,accuracy,0.85,0.8225806451612904,0.02741935483870961,8,labeled_only,heldout,PneumoniaMNIST_transfer
logistic,auc,0.8875568416701116,0.9234949832775919,0.03593814160748032,8,labeled_only,heldout,PneumoniaMNIST_transfer
logistic,auprc,0.8871010356363043,0.9462931434680377,0.059192107831733454,8,labeled_only,heldout,PneumoniaMNIST_transfer
logistic,ece,0.14770724620646503,0.1709932055492452,0.02328595934278016,8,labeled_only,heldout,PneumoniaMNIST_transfer
random_forest,accuracy,0.82,0.8064516129032258,0.013548387096774195,8,labeled_only,heldout,PneumoniaMNIST_transfer
random_forest,auc,0.8892104175279041,0.9420289855072463,0.05281856797934226,8,labeled_only,heldout,PneumoniaMNIST_transfer
random_forest,auprc,0.8930911861417362,0.9654043265386134,0.0723131403968772,8,labeled_only,heldout,PneumoniaMNIST_transfer
random_forest,ece,0.1348731299497853,0.13044762934592674,0.004425500603858545,8,labeled_only,heldout,PneumoniaMNIST_transfer
mlp,accuracy,0.85,0.8387096774193549,0.011290322580645107,8,labeled_only,heldout,PneumoniaMNIST_transfer
mlp,auc,0.9160810252170318,0.9254459308807135,0.009364905663681644,8,labeled_only,heldout,PneumoniaMNIST_transfer
mlp,auprc,0.9110260833726194,0.9280595573013788,0.017033473928759424,8,labeled_only,heldout,PneumoniaMNIST_transfer
mlp,ece,0.14122485308611768,0.1375065786817212,0.003718274404396482,8,labeled_only,heldout,PneumoniaMNIST_transfer
extra_trees,accuracy,0.8,0.7903225806451613,0.00967741935483879,8,labeled_only,heldout,PneumoniaMNIST_transfer
extra_trees,auc,0.882182720132286,0.9378483835005574,0.05566566336827139,8,labeled_only,heldout,PneumoniaMNIST_transfer
extra_trees,auprc,0.8973699246720255,0.9642619585860963,0.06689203391407084,8,labeled_only,heldout,PneumoniaMNIST_transfer
extra_trees,ece,0.15289588285714278,0.14318992555610116,0.009705957301041623,8,labeled_only,heldout,PneumoniaMNIST_transfer
hist_gradient_boosting,accuracy,0.86,0.8548387096774194,0.005161290322580614,8,labeled_only,heldout,PneumoniaMNIST_transfer
hist_gradient_boosting,auc,0.9247622984704422,0.9545707915273134,0.029808493056871166,8,labeled_only,heldout,PneumoniaMNIST_transfer
hist_gradient_boosting,auprc,0.9399404861991835,0.9716494103639512,0.03170892416476778,8,labeled_only,heldout,PneumoniaMNIST_transfer
hist_gradient_boosting,ece,0.1402995296994557,0.15647076961865047,0.01617123991919478,8,labeled_only,heldout,PneumoniaMNIST_transfer
logistic,accuracy,0.8463562211515625,0.85,0.0036437788484374733,8,ssme,estimation_pool,PneumoniaMNIST_transfer
logistic,auc,0.8867124879691094,0.9265718767048554,0.039859388735746015,8,ssme,estimation_pool,PneumoniaMNIST_transfer
logistic,auprc,0.8966844645096024,0.9395934522696427,0.042908987760040374,8,ssme,estimation_pool,PneumoniaMNIST_transfer
logistic,ece,0.13957602574206787,0.13989153701122967,0.0003155112691617945,8,ssme,estimation_pool,PneumoniaMNIST_transfer
random_forest,accuracy,0.806480416338255,0.82,0.013519583661744994,8,ssme,estimation_pool,PneumoniaMNIST_transfer
random_forest,auc,0.8799192841379895,0.9246539143480633,0.044734630210073845,8,ssme,estimation_pool,PneumoniaMNIST_transfer
random_forest,auprc,0.9087003150143796,0.9409612488650678,0.03226093385068818,8,ssme,estimation_pool,PneumoniaMNIST_transfer
random_forest,ece,0.10742271444307963,0.11194917340299912,0.004526458959919488,8,ssme,estimation_pool,PneumoniaMNIST_transfer
mlp,accuracy,0.8455086028406731,0.852,0.006491397159326895,8,ssme,estimation_pool,PneumoniaMNIST_transfer
mlp,auc,0.8983976755602834,0.938897981451173,0.0405003058908896,8,ssme,estimation_pool,PneumoniaMNIST_transfer
mlp,auprc,0.9067942019300509,0.9446068388222055,0.03781263689215464,8,ssme,estimation_pool,PneumoniaMNIST_transfer
mlp,ece,0.13385734950563888,0.13088893860756154,0.0029684108980773394,8,ssme,estimation_pool,PneumoniaMNIST_transfer
extra_trees,accuracy,0.8004610788367436,0.81,0.009538921163256497,8,ssme,estimation_pool,PneumoniaMNIST_transfer
extra_trees,auc,0.8759748264783276,0.9239037779596291,0.047928951481301496,8,ssme,estimation_pool,PneumoniaMNIST_transfer
extra_trees,auprc,0.9080714240016521,0.9448345719661052,0.036763147964453124,8,ssme,estimation_pool,PneumoniaMNIST_transfer
extra_trees,ece,0.1061093357967718,0.10931709992039333,0.0032077641236215315,8,ssme,estimation_pool,PneumoniaMNIST_transfer
hist_gradient_boosting,accuracy,0.8310776331412701,0.834,0.002922366858729819,8,ssme,estimation_pool,PneumoniaMNIST_transfer
hist_gradient_boosting,auc,0.8955704866581313,0.9429725859247136,0.04740209926658223,8,ssme,estimation_pool,PneumoniaMNIST_transfer
hist_gradient_boosting,auprc,0.9180086678075594,0.9615038078212638,0.04349514001370436,8,ssme,estimation_pool,PneumoniaMNIST_transfer
hist_gradient_boosting,ece,0.13151743188895051,0.13337978787044916,0.0018623559814986423,8,ssme,estimation_pool,PneumoniaMNIST_transfer
logistic,accuracy,0.85,0.85,0.0,8,labeled_only,estimation_pool,PneumoniaMNIST_transfer
logistic,auc,0.8875568416701116,0.9265718767048554,0.039015035034743795,8,labeled_only,estimation_pool,PneumoniaMNIST_transfer
logistic,auprc,0.8871010356363043,0.9395934522696427,0.05249241663333848,8,labeled_only,estimation_pool,PneumoniaMNIST_transfer
logistic,ece,0.14770724620646503,0.13989153701122967,0.00781570919523536,8,labeled_only,estimation_pool,PneumoniaMNIST_transfer
random_forest,accuracy,0.82,0.82,0.0,8,labeled_only,estimation_pool,PneumoniaMNIST_transfer
random_forest,auc,0.8892104175279041,0.9246539143480633,0.03544349682015924,8,labeled_only,estimation_pool,PneumoniaMNIST_transfer
random_forest,auprc,0.8930911861417362,0.9409612488650678,0.04787006272333161,8,labeled_only,estimation_pool,PneumoniaMNIST_transfer
random_forest,ece,0.1348731299497853,0.11194917340299912,0.022923956546786167,8,labeled_only,estimation_pool,PneumoniaMNIST_transfer
mlp,accuracy,0.85,0.852,0.0020000000000000018,8,labeled_only,estimation_pool,PneumoniaMNIST_transfer
mlp,auc,0.9160810252170318,0.938897981451173,0.02281695623414115,8,labeled_only,estimation_pool,PneumoniaMNIST_transfer
mlp,auprc,0.9110260833726194,0.9446068388222055,0.033580755449586164,8,labeled_only,estimation_pool,PneumoniaMNIST_transfer
mlp,ece,0.14122485308611768,0.13088893860756154,0.01033591447855614,8,labeled_only,estimation_pool,PneumoniaMNIST_transfer
extra_trees,accuracy,0.8,0.81,0.010000000000000009,8,labeled_only,estimation_pool,PneumoniaMNIST_transfer
extra_trees,auc,0.882182720132286,0.9239037779596291,0.04172105782734303,8,labeled_only,estimation_pool,PneumoniaMNIST_transfer
extra_trees,auprc,0.8973699246720255,0.9448345719661052,0.04746464729407973,8,labeled_only,estimation_pool,PneumoniaMNIST_transfer
extra_trees,ece,0.15289588285714278,0.10931709992039333,0.04357878293674945,8,labeled_only,estimation_pool,PneumoniaMNIST_transfer
hist_gradient_boosting,accuracy,0.86,0.834,0.026000000000000023,8,labeled_only,estimation_pool,PneumoniaMNIST_transfer
hist_gradient_boosting,auc,0.9247622984704422,0.9429725859247136,0.018210287454271334,8,labeled_only,estimation_pool,PneumoniaMNIST_transfer
hist_gradient_boosting,auprc,0.9399404861991835,0.9615038078212638,0.0215633216220803,8,labeled_only,estimation_pool,PneumoniaMNIST_transfer
hist_gradient_boosting,ece,0.1402995296994557,0.13337978787044916,0.006919741829006537,8,labeled_only,estimation_pool,PneumoniaMNIST_transfer
logistic,accuracy,0.8411419084139912,0.8306451612903226,0.010496747123668548,9,ssme,heldout,PneumoniaMNIST_transfer
logistic,auc,0.9431735518326739,0.8659420289855073,0.07723152284716661,9,ssme,heldout,PneumoniaMNIST_transfer
logistic,auprc,0.9525080802768261,0.8782068815130523,0.07430119876377383,9,ssme,heldout,PneumoniaMNIST_transfer
logistic,ece,0.14377020976539004,0.17200505019872425,0.028234840433334213,9,ssme,heldout,PneumoniaMNIST_transfer
random_forest,accuracy,0.7943497200014604,0.8467741935483871,0.0524244735469267,9,ssme,heldout,PneumoniaMNIST_transfer
random_forest,auc,0.9018558745327057,0.9239130434782609,0.022057168945555206,9,ssme,heldout,PneumoniaMNIST_transfer
random_forest,auprc,0.8995645390666559,0.9498864171735598,0.05032187810690392,9,ssme,heldout,PneumoniaMNIST_transfer
random_forest,ece,0.13031650390039823,0.12015550484918379,0.01016099905121444,9,ssme,heldout,PneumoniaMNIST_transfer
mlp,accuracy,0.8412778006727436,0.8629032258064516,0.02162542513370802,9,ssme,heldout,PneumoniaMNIST_transfer
mlp,auc,0.9447835019532578,0.8814102564102564,0.06337324554300139,9,ssme,heldout,PneumoniaMNIST_transfer
mlp,auprc,0.9500153399128136,0.8762589644550072,0.07375637545780644,9,ssme,heldout,PneumoniaMNIST_transfer
mlp,ece,0.13916451343395247,0.11741385190561159,0.02175066152834089,9,ssme,heldout,PneumoniaMNIST_transfer
extra_trees,accuracy,0.7848101538008778,0.8306451612903226,0.0458350074894448,9,ssme,heldout,PneumoniaMNIST_transfer
extra_trees,auc,0.9014957440196468,0.9289297658862876,0.02743402186664079,9,ssme,heldout,PneumoniaMNIST_transfer
extra_trees,auprc,0.9076977232062776,0.952881276506965,0.04518355330068735,9,ssme,heldout,PneumoniaMNIST_transfer
extra_trees,ece,0.12756824103789025,0.10637241966277458,0.021195821375115664,9,ssme,heldout,PneumoniaMNIST_transfer
hist_gradient_boosting,accuracy,0.8194846472457452,0.8467741935483871,0.02728954630264191,9,ssme,heldout,PneumoniaMNIST_transfer
hist_gradient_boosting,auc,0.9213866347039652,0.9292084726867336,0.007821837982768365,9,ssme,heldout,PneumoniaMNIST_transfer
hist_gradient_boosting,auprc,0.924625445692542,0.9539755417639099,0.029350096071367848,9,ssme,heldout,PneumoniaMNIST_transfer
hist_gradient_boosting,ece,0.15296016585484862,0.1346275375140701,0.018332628340778506,9,ssme,heldout,PneumoniaMNIST_transfer
logistic,accuracy,0.81,0.8306451612903226,0.020645161290322567,9,labeled_only,heldout,PneumoniaMNIST_transfer
logistic,auc,0.9448051948051948,0.8659420289855073,0.07886316581968744,9,labeled_only,heldout,PneumoniaMNIST_transfer
logistic,auprc,0.9577521856059219,0.8782068815130523,0.07954530409286964,9,labeled_only,heldout,PneumoniaMNIST_transfer
logistic,ece,0.18533528226964582,0.17200505019872425,0.013330232070921572,9,labeled_only,heldout,PneumoniaMNIST_transfer
random_forest,accuracy,0.79,0.8467741935483871,0.056774193548387086,9,labeled_only,heldout,PneumoniaMNIST_transfer
random_forest,auc,0.9208603896103896,0.9239130434782609,0.0030526538678712356,9,labeled_only,heldout,PneumoniaMNIST_transfer
random_forest,auprc,0.8957296741390647,0.9498864171735598,0.054156743034495136,9,labeled_only,heldout,PneumoniaMNIST_transfer
random_forest,ece,0.16974605867998194,0.12015550484918379,0.04959055383079815,9,labeled_only,heldout,PneumoniaMNIST_transfer
mlp,accuracy,0.82,0.8629032258064516,0.04290322580645167,9,labeled_only,heldout,PneumoniaMNIST_transfer
mlp,auc,0.9443993506493507,0.8814102564102564,0.06298909423909427,9,labeled_only,heldout,PneumoniaMNIST_transfer
mlp,auprc,0.9439794129352015,0.8762589644550072,0.06772044848019432,9,labeled_only,heldout,PneumoniaMNIST_transfer
mlp,ece,0.1617575942653806,0.11741385190561159,0.044343742359769026,9,labeled_only,heldout,PneumoniaMNIST_transfer
extra_trees,accuracy,0.77,0.8306451612903226,0.0606451612903226,9,labeled_only,heldout,PneumoniaMNIST_transfer
extra_trees,auc,0.9206574675324676,0.9289297658862876,0.00827229835382004,9,labeled_only,heldout,PneumoniaMNIST_transfer
extra_trees,auprc,0.9035444630806744,0.952881276506965,0.04933681342629059,9,labeled_only,heldout,PneumoniaMNIST_transfer
extra_trees,ece,0.16859406635031643,0.10637241966277458,0.06222164668754185,9,labeled_only,heldout,PneumoniaMNIST_transfer
hist_gradient_boosting,accuracy,0.81,0.8467741935483871,0.03677419354838707,9,labeled_only,heldout,PneumoniaMNIST_transfer
hist_gradient_boosting,auc,0.929788961038961,0.9292084726867336,0.0005804883522274595,9,labeled_only,heldout,PneumoniaMNIST_transfer
hist_gradient_boosting,auprc,0.9251751625283013,0.9539755417639099,0.02880037923560852,9,labeled_only,heldout,PneumoniaMNIST_transfer
hist_gradient_boosting,ece,0.17473735988082228,0.1346275375140701,0.040109822366752174,9,labeled_only,heldout,PneumoniaMNIST_transfer
logistic,accuracy,0.8411419084139912,0.848,0.006858091586008808,9,ssme,estimation_pool,PneumoniaMNIST_transfer
logistic,auc,0.9431735518326739,0.9408244680851063,0.002349083747567593,9,ssme,estimation_pool,PneumoniaMNIST_transfer
logistic,auprc,0.9525080802768261,0.9576623779119098,0.005154297635083682,9,ssme,estimation_pool,PneumoniaMNIST_transfer
logistic,ece,0.14377020976539004,0.13964059953815883,0.004129610227231212,9,ssme,estimation_pool,PneumoniaMNIST_transfer
random_forest,accuracy,0.7943497200014604,0.81,0.01565027999853963,9,ssme,estimation_pool,PneumoniaMNIST_transfer
random_forest,auc,0.9018558745327057,0.9289842471358428,0.027128372603137163,9,ssme,estimation_pool,PneumoniaMNIST_transfer
random_forest,auprc,0.8995645390666559,0.9455815219045035,0.04601698283784761,9,ssme,estimation_pool,PneumoniaMNIST_transfer
random_forest,ece,0.13031650390039823,0.11725574511328062,0.013060758787117613,9,ssme,estimation_pool,PneumoniaMNIST_transfer
mlp,accuracy,0.8412778006727436,0.846,0.004722199327256371,9,ssme,estimation_pool,PneumoniaMNIST_transfer
mlp,auc,0.9447835019532578,0.9507296781232951,0.005946176170037343,9,ssme,estimation_pool,PneumoniaMNIST_transfer
mlp,auprc,0.9500153399128136,0.96010760428835,0.010092264375536342,9,ssme,estimation_pool,PneumoniaMNIST_transfer
mlp,ece,0.13916451343395247,0.13418748048919923,0.00497703294475324,9,ssme,estimation_pool,PneumoniaMNIST_transfer
extra_trees,accuracy,0.7848101538008778,0.8,0.015189846199122226,9,ssme,estimation_pool,PneumoniaMNIST_transfer
extra_trees,auc,0.9014957440196468,0.9276374113475178,0.026141667327870932,9,ssme,estimation_pool,PneumoniaMNIST_transfer
extra_trees,auprc,0.9076977232062776,0.949810598626763,0.04211287542048536,9,ssme,estimation_pool,PneumoniaMNIST_transfer
extra_trees,ece,0.12756824103789025,0.11419128177375569,0.013376959264134555,9,ssme,estimation_pool,PneumoniaMNIST_transfer
hist_gradient_boosting,accuracy,0.8194846472457452,0.836,0.016515352754254753,9,ssme,estimation_pool,PneumoniaMNIST_transfer
hist_gradient_boosting,auc,0.9213866347039652,0.9489225313693398,0.027535896665374593,9,ssme,estimation_pool,PneumoniaMNIST_transfer
hist_gradient_boosting,auprc,0.924625445692542,0.9664943142735731,0.041868868581031116,9,ssme,estimation_pool,PneumoniaMNIST_transfer
hist_gradient_boosting,ece,0.15296016585484862,0.13966107521531257,0.013299090639536049,9,ssme,estimation_pool,PneumoniaMNIST_transfer
logistic,accuracy,0.81,0.848,0.03799999999999992,9,labeled_only,estimation_pool,PneumoniaMNIST_transfer
logistic,auc,0.9448051948051948,0.9408244680851063,0.003980726720088423,9,labeled_only,estimation_pool,PneumoniaMNIST_transfer
logistic,auprc,0.9577521856059219,0.9576623779119098,8.980769401212285e-05,9,labeled_only,estimation_pool,PneumoniaMNIST_transfer
logistic,ece,0.18533528226964582,0.13964059953815883,0.045694682731486996,9,labeled_only,estimation_pool,PneumoniaMNIST_transfer
random_forest,accuracy,0.79,0.81,0.020000000000000018,9,labeled_only,estimation_pool,PneumoniaMNIST_transfer
random_forest,auc,0.9208603896103896,0.9289842471358428,0.008123857525453193,9,labeled_only,estimation_pool,PneumoniaMNIST_transfer
random_forest,auprc,0.8957296741390647,0.9455815219045035,0.04985184776543883,9,labeled_only,estimation_pool,PneumoniaMNIST_transfer
random_forest,ece,0.16974605867998194,0.11725574511328062,0.05249031356670132,9,labeled_only,estimation_pool,PneumoniaMNIST_transfer
mlp,accuracy,0.82,0.846,0.026000000000000023,9,labeled_only,estimation_pool,PneumoniaMNIST_transfer
mlp,auc,0.9443993506493507,0.9507296781232951,0.006330327473944464,9,labeled_only,estimation_pool,PneumoniaMNIST_transfer
mlp,auprc,0.9439794129352015,0.96010760428835,0.01612819135314847,9,labeled_only,estimation_pool,PneumoniaMNIST_transfer
mlp,ece,0.1617575942653806,0.13418748048919923,0.027570113776181376,9,labeled_only,estimation_pool,PneumoniaMNIST_transfer
extra_trees,accuracy,0.77,0.8,0.030000000000000027,9,labeled_only,estimation_pool,PneumoniaMNIST_transfer
extra_trees,auc,0.9206574675324676,0.9276374113475178,0.0069799438150501825,9,labeled_only,estimation_pool,PneumoniaMNIST_transfer
extra_trees,auprc,0.9035444630806744,0.949810598626763,0.046266135546088605,9,labeled_only,estimation_pool,PneumoniaMNIST_transfer
extra_trees,ece,0.16859406635031643,0.11419128177375569,0.05440278457656074,9,labeled_only,estimation_pool,PneumoniaMNIST_transfer
hist_gradient_boosting,accuracy,0.81,0.836,0.025999999999999912,9,labeled_only,estimation_pool,PneumoniaMNIST_transfer
hist_gradient_boosting,auc,0.929788961038961,0.9489225313693398,0.01913357033037877,9,labeled_only,estimation_pool,PneumoniaMNIST_transfer
hist_gradient_boosting,auprc,0.9251751625283013,0.9664943142735731,0.04131915174527179,9,labeled_only,estimation_pool,PneumoniaMNIST_transfer
hist_gradient_boosting,ece,0.17473735988082228,0.13966107521531257,0.035076284665509716,9,labeled_only,estimation_pool,PneumoniaMNIST_transfer
